NP_000509.1,sp|P68873|HBB_PANTR,100.000,147,0,0,1,147,1,147,6.47e-106,301
NP_000509.1,sp|P68872|HBB_PANPA,100.000,147,0,0,1,147,1,147,6.47e-106,301
NP_000509.1,sp|P68871|HBB_HUMAN,100.000,147,0,0,1,147,1,147,6.47e-106,301
NP_000509.1,sp|P02024|HBB_GORGO,99.320,147,1,0,1,147,1,147,2.26e-105,300
NP_000509.1,sp|P02025|HBB_HYLLA,98.630,146,2,0,2,147,1,146,3.30e-103,294
NP_000509.1,sp|P02032|HBB_SEMEN,97.260,146,4,0,2,147,1,146,2.71e-102,291
NP_000509.1,sp|P19885|HBB_COLPO,95.918,147,6,0,1,147,1,147,4.75e-102,291
NP_000509.1,sp|Q6WN22|HBB_ATEPA,95.918,147,6,0,1,147,1,147,1.70e-101,290
NP_000509.1,sp|P68232|HBB_ATEGE,95.918,147,6,0,1,147,1,147,2.94e-101,289
NP_000509.1,sp|P68234|HBB_ATEBE,95.918,147,6,0,1,147,1,147,2.94e-101,289
NP_000509.1,sp|P68224|HBB_MACSP,95.238,147,7,0,1,147,1,147,3.24e-101,289
NP_000509.1,sp|P68225|HBB_MACNE,95.238,147,7,0,1,147,1,147,3.24e-101,289
NP_000509.1,sp|P68222|HBB_MACFU,95.238,147,7,0,1,147,1,147,3.24e-101,289
NP_000509.1,sp|P68223|HBB_MACFA,95.238,147,7,0,1,147,1,147,3.24e-101,289
NP_000509.1,sp|Q6WN27|HBB_PITPI,95.918,147,6,0,1,147,1,147,3.50e-101,289
NP_000509.1,sp|Q6WN25|HBB_LAGLA,95.918,147,6,0,1,147,1,147,3.54e-101,289
NP_000509.1,sp|P02028|HBB_CHLAE,95.890,146,6,0,2,147,1,146,3.66e-101,289
NP_000509.1,sp|Q6WN28|HBB_CALJA,96.599,147,5,0,1,147,1,147,7.15e-101,288
NP_000509.1,sp|P67821|HBB_SAPAP,95.238,147,7,0,1,147,1,147,1.07e-100,288
NP_000509.1,sp|Q6WN21|HBB_CALGO,95.238,147,7,0,1,147,1,147,1.56e-100,287
NP_000509.1,sp|Q9TSP1|HBB_PAPAN,94.558,147,8,0,1,147,1,147,5.10e-100,286
NP_000509.1,sp|P02033|HBB_PILBA,95.205,146,7,0,2,147,1,146,6.27e-100,286
NP_000509.1,sp|P02036|HBB_SAISC,94.558,147,8,0,1,147,1,147,6.71e-100,286
NP_000509.1,sp|P18985|HBB_MICAD,96.575,146,5,0,2,147,1,146,8.34e-100,285
NP_000509.1,sp|P08259|HBB_MANSP,94.521,146,8,0,2,147,1,146,8.81e-100,285
NP_000509.1,sp|Q6WN29|HBB_ALOBE,95.238,147,7,0,1,147,1,147,9.53e-100,285
NP_000509.1,sp|P61775|HBD_PONPY,93.878,147,9,0,1,147,1,147,1.12e-99,285
NP_000509.1,sp|P61772|HBD_PANTR,93.878,147,9,0,1,147,1,147,1.12e-99,285
NP_000509.1,sp|P61774|HBD_HYLLA,93.878,147,9,0,1,147,1,147,1.12e-99,285
NP_000509.1,sp|P61773|HBD_GORGO,93.878,147,9,0,1,147,1,147,1.12e-99,285
NP_000509.1,sp|P02026|HBB_MACMU,94.521,146,8,0,2,147,1,146,1.19e-99,285
NP_000509.1,sp|P02039|HBB_LEOFU,95.205,146,7,0,2,147,1,146,1.40e-99,285
NP_000509.1,sp|P02035|HBB_AOTTR,95.205,146,7,0,2,147,1,146,1.65e-99,285
NP_000509.1,sp|P02031|HBB_CERAT,95.205,146,7,0,2,147,1,146,1.68e-99,285
NP_000509.1,sp|P02040|HBB_CEBAL,95.205,146,7,0,2,147,1,146,1.72e-99,285
NP_000509.1,sp|P68055|HBB_SAGOE,95.205,146,7,0,2,147,1,146,1.88e-99,285
NP_000509.1,sp|P68054|HBB_LEONI,95.205,146,7,0,2,147,1,146,1.88e-99,285
NP_000509.1,sp|Q6WN26|HBB_AOTAZ,94.558,147,8,0,1,147,1,147,2.03e-99,285
NP_000509.1,sp|P02042|HBD_HUMAN,93.197,147,10,0,1,147,1,147,2.62e-99,284
NP_000509.1,sp|P02030|HBB_PAPCY,94.521,146,8,0,2,147,1,146,5.27e-99,283
NP_000509.1,sp|P67822|HBB_CEBCA,94.521,146,8,0,2,147,1,146,6.79e-99,283
NP_000509.1,sp|P02038|HBB_SAGMY,94.521,146,8,0,2,147,1,146,7.66e-99,283
NP_000509.1,sp|P02044|HBD_ATEGE,93.878,147,9,0,1,147,1,147,1.08e-98,283
NP_000509.1,sp|P02029|HBB_THEGE,93.836,146,9,0,2,147,1,146,2.03e-98,282
NP_000509.1,sp|P19886|HBD_COLPO,92.517,147,11,0,1,147,1,147,2.35e-98,282
NP_000509.1,sp|Q6WN20|HBB_CHETO,93.878,147,9,0,1,147,1,147,2.43e-98,281
NP_000509.1,sp|P02055|HBB_MELME,91.781,146,12,0,2,147,1,146,5.78e-97,278
NP_000509.1,sp|P33499|HBD_ATEFU,93.836,146,9,0,2,147,1,146,7.04e-97,278
NP_000509.1,sp|P15449|HBB_MELCA,91.781,146,12,0,2,147,1,146,8.48e-97,278
NP_000509.1,sp|P68046|HBB_ODORO,91.781,146,12,0,2,147,1,146,9.57e-97,278
NP_000509.1,sp|P68047|HBB_ARCGA,91.781,146,12,0,2,147,1,146,9.57e-97,278
NP_000509.1,sp|P09909|HBB_PHOVI,91.781,146,12,0,2,147,1,146,1.64e-96,277
NP_000509.1,sp|P68052|HBB_PTEBR,91.781,146,12,0,2,147,1,146,1.98e-96,277
NP_000509.1,sp|P68053|HBB_MARFO,91.781,146,12,0,2,147,1,146,1.98e-96,277
NP_000509.1,sp|P08535|HBB_LEPEU,91.156,147,13,0,1,147,1,147,2.69e-96,276
NP_000509.1,sp|P02057|HBB_RABIT,90.476,147,14,0,1,147,1,147,3.39e-96,276
NP_000509.1,sp|P10893|HBB_LUTLU,91.096,146,13,0,2,147,1,146,3.49e-96,276
NP_000509.1,sp|P18989|HBB_PROLO,90.411,146,14,0,2,147,1,146,4.60e-96,276
NP_000509.1,sp|P15166|HBB_LEPWE,90.411,146,14,0,2,147,1,146,5.08e-96,276
NP_000509.1,sp|P26916|HBB_NASNA,91.096,146,13,0,2,147,1,146,6.53e-96,275
NP_000509.1,sp|P23602|HBB_MUSLU,91.096,146,13,0,2,147,1,146,7.96e-96,275
NP_000509.1,sp|P21201|HBB_VULVU,91.096,146,13,0,2,147,1,146,1.12e-95,275
NP_000509.1,sp|P13557|HBB_CARSF,90.476,147,14,0,1,147,1,147,1.26e-95,275
NP_000509.1,sp|P18983|HBB_AILME,90.476,147,14,0,1,147,1,147,1.47e-95,275
NP_000509.1,sp|P68015|HBD_LEONI,92.466,146,11,0,2,147,1,146,1.61e-95,275
NP_000509.1,sp|P68045|HBB_MUSPU,90.411,146,14,0,2,147,1,146,3.91e-95,273
NP_000509.1,sp|P68044|HBB_MUSPF,90.411,146,14,0,2,147,1,146,3.91e-95,273
NP_000509.1,sp|P18982|HBB_AILFU,90.411,146,14,0,2,147,1,146,4.17e-95,273
NP_000509.1,sp|P68014|HBD_SAGMY,91.781,146,12,0,2,147,1,146,5.61e-95,273
NP_000509.1,sp|Q5XLE5|HBD_AILME,89.796,147,15,0,1,147,1,147,7.81e-95,273
NP_000509.1,sp|P02046|HBD_AOTTR,91.096,146,13,0,2,147,1,146,1.90e-94,272
NP_000509.1,sp|P60526|HBB_CHRBR,89.726,146,15,0,2,147,1,146,2.03e-94,272
NP_000509.1,sp|P60524|HBB_CANLF,89.726,146,15,0,2,147,1,146,2.03e-94,272
NP_000509.1,sp|P60525|HBB_CANLA,89.726,146,15,0,2,147,1,146,2.03e-94,272
NP_000509.1,sp|P02047|HBD_SAISC,91.096,146,13,0,2,147,1,146,3.04e-94,271
NP_000509.1,sp|P18984|HBB_BALAC,90.411,146,14,0,2,147,1,146,3.07e-94,271
NP_000509.1,sp|P68012|HBB_URSTH,89.726,146,15,0,2,147,1,146,4.46e-94,271
NP_000509.1,sp|P68011|HBB_URSMA,89.726,146,15,0,2,147,1,146,4.46e-94,271
NP_000509.1,sp|P68013|HBB_HELMA,89.726,146,15,0,2,147,1,146,4.46e-94,271
NP_000509.1,sp|P02051|HBB_CEPBA,89.726,146,15,0,2,147,1,146,4.51e-94,271
NP_000509.1,sp|P24660|HBB_MACGG,89.726,146,15,0,2,147,1,146,8.16e-94,270
NP_000509.1,sp|P02050|HBB_OTOCR,89.041,146,16,0,2,147,1,146,2.19e-93,269
NP_000509.1,sp|D0VX08|HBB_PTEGI,89.041,146,16,0,2,147,1,146,6.79e-93,268
NP_000509.1,sp|P14391|HBB_PTEAL,89.041,146,16,0,2,147,1,146,6.79e-93,268
NP_000509.1,sp|P14392|HBB_PTEPO,89.041,146,16,0,2,147,1,146,2.37e-92,266
NP_000509.1,sp|P28781|HBB_TAPGE,87.671,146,18,0,2,147,1,146,3.97e-92,266
NP_000509.1,sp|P11752|HBB_MEGLY,86.301,146,20,0,2,147,1,146,2.45e-91,264
NP_000509.1,sp|P18986|HBB_CROCR,87.500,144,18,0,4,147,3,146,2.54e-91,264
NP_000509.1,sp|P23020|HBB_PROCR,87.500,144,18,0,4,147,3,146,6.44e-91,263
NP_000509.1,sp|P02058|HBB_ROUAE,86.986,146,19,0,2,147,1,146,8.48e-91,263
NP_000509.1,sp|B2KHZ4|HBB_RHIFE,86.395,147,20,0,1,147,1,147,6.53e-90,260
NP_000509.1,sp|P21667|HBB_VARVI,84.722,144,22,0,4,147,3,146,8.13e-89,258
NP_000509.1,sp|P20855|HBB_CTEGU,84.247,146,23,0,2,147,1,146,9.80e-89,257
NP_000509.1,sp|P02067|HBB_PIG,85.034,147,22,0,1,147,1,147,9.92e-89,257
NP_000509.1,sp|P19016|HBB_HIPAM,85.616,146,21,0,2,147,1,146,1.13e-88,257
NP_000509.1,sp|P19646|HBB_PAGLA,85.417,144,21,0,4,147,3,146,1.26e-88,257
NP_000509.1,sp|P02049|HBB_NYCCO,92.466,146,11,0,2,147,1,146,1.75e-88,257
NP_000509.1,sp|P02090|HBB_SPAEH,82.192,146,26,0,2,147,1,146,7.14e-88,255
NP_000509.1,sp|P41328|HBB_LYNLY,84.722,144,22,0,4,147,3,146,9.09e-88,255
NP_000509.1,sp|P14388|HBB_ANTPA,85.616,146,21,0,2,147,1,146,1.11e-87,254
NP_000509.1,sp|Q7M3C2|HBB_HAPGR,84.722,144,22,0,4,147,3,146,2.21e-87,254
NP_000509.1,sp|P02048|HBB_LORTA,91.096,146,13,0,2,147,1,146,3.82e-87,253
NP_000509.1,sp|P13558|HBD_CARSF,88.435,147,17,0,1,147,1,147,5.44e-87,253
NP_000509.1,sp|P02054|HBB_LEMCA,84.028,144,23,0,4,147,3,146,6.00e-87,253
NP_000509.1,sp|P07412|HBB_FELCA,84.028,144,23,0,4,147,3,146,8.61e-87,253
NP_000509.1,sp|Q03902|HBD_OTOCR,89.796,147,15,0,1,147,1,147,9.41e-87,252
NP_000509.1,sp|P04244|HBB_PANPO,80.952,147,28,0,1,147,1,147,1.10e-86,252
NP_000509.1,sp|Q45XI8|HBD_TRIMA,81.633,147,27,0,1,147,1,147,1.96e-86,251
NP_000509.1,sp|P02091|HBB1_RAT,81.633,147,27,0,1,147,1,147,2.42e-86,251
NP_000509.1,sp|P02088|HBB1_MOUSE,80.272,147,29,0,1,147,1,147,2.76e-86,251
NP_000509.1,sp|B3EWD2|HBB_SCICA,82.877,146,25,0,2,147,1,146,2.91e-86,251
NP_000509.1,sp|Q45XH7|HBG_ELEMA,78.912,147,31,0,1,147,1,147,4.18e-86,251
NP_000509.1,sp|P02059|HBB_ERIEU,82.192,146,26,0,2,147,1,146,6.00e-86,250
NP_000509.1,sp|P07415|HBB_TRIIN,81.507,146,27,0,2,147,1,146,1.58e-85,249
NP_000509.1,sp|P02089|HBB2_MOUSE,80.272,147,29,0,1,147,1,147,2.01e-85,249
NP_000509.1,sp|P68048|HBB1_PANTS,80.272,147,29,0,1,147,1,147,2.22e-85,249
NP_000509.1,sp|P68051|HBB1_PANPS,80.272,147,29,0,1,147,1,147,2.22e-85,249
NP_000509.1,sp|P68049|HBB1_PANON,80.272,147,29,0,1,147,1,147,2.22e-85,249
NP_000509.1,sp|Q45XH8|HBG_LOXAF,78.231,147,32,0,1,147,1,147,2.64e-85,249
NP_000509.1,sp|P02052|HBB_TUPGL,82.192,146,26,0,2,147,1,146,2.88e-85,249
NP_000509.1,sp|Q28931|HBE_SMICR,78.231,147,32,0,1,147,1,147,3.63e-85,248
NP_000509.1,sp|P02101|HBE_PIG,77.551,147,33,0,1,147,1,147,3.92e-85,248
NP_000509.1,sp|P18988|HBB2_PANLE,81.944,144,26,0,4,147,3,146,5.94e-85,248
NP_000509.1,sp|P68050|HBB1_PANLE,81.250,144,27,0,4,147,3,146,6.28e-85,248
NP_000509.1,sp|P11758|HBB_MYOVE,81.507,146,27,0,2,147,1,146,8.92e-85,247
NP_000509.1,sp|P68064|HBB2_PANON,80.272,147,29,0,1,147,1,147,1.04e-84,247
NP_000509.1,sp|P68194|HBB2_PANTS,81.250,144,27,0,4,147,3,146,1.17e-84,247
NP_000509.1,sp|P68065|HBB2_PANPS,81.250,144,27,0,4,147,3,146,1.17e-84,247
NP_000509.1,sp|P18435|HBE_CARSF,77.551,147,33,0,1,147,1,147,1.32e-84,247
NP_000509.1,sp|P02102|HBE1_CAPHI,77.551,147,33,0,1,147,1,147,2.17e-84,246
NP_000509.1,sp|P11517|HBB2_RAT,78.912,147,31,0,1,147,1,147,2.42e-84,246
NP_000509.1,sp|Q45XH3|HBE_BRATR,78.231,147,32,0,1,147,1,147,3.29e-84,246
NP_000509.1,sp|P04246|HBT_PIG,77.397,146,33,0,2,147,1,146,3.44e-84,246
NP_000509.1,sp|B3EWD8|HBB_TAMHU,79.452,146,30,0,2,147,1,146,5.39e-84,245
NP_000509.1,sp|P02061|HBB_TALEU,79.452,146,30,0,2,147,1,146,6.93e-84,245
NP_000509.1,sp|Q2KPA3|HBB_SCAOR,78.912,147,31,0,1,147,1,147,1.04e-83,245
NP_000509.1,sp|P07410|HBB_UROTO,77.397,146,33,0,2,147,1,146,1.27e-83,244
NP_000509.1,sp|B3EWE4|HBB_MICPE,80.137,146,29,0,2,147,1,146,1.58e-83,244
NP_000509.1,sp|P51438|HBE_ATEBE,76.190,147,35,0,1,147,1,147,1.58e-83,244
NP_000509.1,sp|Q45XI9|HBD_ELEMA,81.633,147,27,0,1,147,1,147,1.74e-83,244
NP_000509.1,sp|Q28356|HBE_DAUMA,76.190,147,35,0,1,147,1,147,1.97e-83,244
NP_000509.1,sp|P18994|HBE_PONPY,76.190,147,35,0,1,147,1,147,3.22e-83,243
NP_000509.1,sp|P51440|HBE_LAGLA,75.510,147,36,0,1,147,1,147,3.52e-83,243
NP_000509.1,sp|B3EWD6|HBB_PERCA,80.822,146,28,0,2,147,1,146,3.59e-83,243
NP_000509.1,sp|P68027|HBE_CEBPY,76.190,147,35,0,1,147,1,147,3.76e-83,243
NP_000509.1,sp|P68026|HBE_CALJA,76.190,147,35,0,1,147,1,147,3.76e-83,243
NP_000509.1,sp|Q95190|HBE_SYMSY,76.190,147,35,0,1,147,1,147,4.28e-83,243
NP_000509.1,sp|P08853|HBB_MARMA,76.712,146,34,0,2,147,1,146,4.43e-83,243
NP_000509.1,sp|Q28338|HBE_CHEME,76.190,147,35,0,1,147,1,147,5.16e-83,243
NP_000509.1,sp|Q28507|HBE_MACMU,76.190,147,35,0,1,147,1,147,5.51e-83,243
NP_000509.1,sp|P68022|HBE_PLEMO,75.510,147,36,0,1,147,1,147,6.02e-83,243
NP_000509.1,sp|P68025|HBE_CHISA,75.510,147,36,0,1,147,1,147,6.02e-83,243
NP_000509.1,sp|P68023|HBE_CHETO,75.510,147,36,0,1,147,1,147,6.02e-83,243
NP_000509.1,sp|P68024|HBE_CALGO,75.510,147,36,0,1,147,1,147,6.02e-83,243
NP_000509.1,sp|P68021|HBE_CACCA,75.510,147,36,0,1,147,1,147,6.02e-83,243
NP_000509.1,sp|P68020|HBE_BRAAR,75.510,147,36,0,1,147,1,147,6.02e-83,243
NP_000509.1,sp|P68019|HBE_ATEGE,75.510,147,36,0,1,147,1,147,6.02e-83,243
NP_000509.1,sp|P68016|HBE_AOTAZ,75.510,147,36,0,1,147,1,147,6.02e-83,243
NP_000509.1,sp|P68018|HBE_ALOSE,75.510,147,36,0,1,147,1,147,6.02e-83,243
NP_000509.1,sp|P68017|HBE_ALOBE,75.510,147,36,0,1,147,1,147,6.02e-83,243
NP_000509.1,sp|Q45XJ0|HBD_LOXAF,80.952,147,28,0,1,147,1,147,6.36e-83,243
NP_000509.1,sp|P19759|HBE_OTOCR,74.830,147,37,0,1,147,1,147,1.09e-82,242
NP_000509.1,sp|P51441|HBE_LEORO,74.830,147,37,0,1,147,1,147,1.48e-82,242
NP_000509.1,sp|P09421|HBB_SPECI,77.397,146,33,0,2,147,1,146,1.67e-82,242
NP_000509.1,sp|B3EWD4|HBB_PERCR,79.452,146,30,0,2,147,1,146,1.69e-82,241
NP_000509.1,sp|P51443|HBE_SAGMI,76.190,147,35,0,1,147,1,147,1.90e-82,241
NP_000509.1,sp|B3EWC8|HBB_TAMMR,85.616,146,21,0,2,147,1,146,1.97e-82,241
NP_000509.1,sp|P02084|HBB_ELEMA,81.507,146,27,0,2,147,1,146,2.08e-82,241
NP_000509.1,sp|Q95238|HBE_PROVE,74.830,147,37,0,1,147,1,147,2.32e-82,241
NP_000509.1,sp|P68028|HBE_SAISC,74.830,147,37,0,1,147,1,147,2.83e-82,241
NP_000509.1,sp|P68029|HBE_SAIBB,74.830,147,37,0,1,147,1,147,2.83e-82,241
NP_000509.1,sp|P02103|HBE_RABIT,75.510,147,36,0,1,147,1,147,3.33e-82,241
NP_000509.1,sp|Q2KPA4|HBB_SCAAQ,76.190,147,35,0,1,147,1,147,4.94e-82,241
NP_000509.1,sp|P02110|HBB_TACAC,78.912,147,31,0,1,147,1,147,5.58e-82,240
NP_000509.1,sp|Q6LDH1|HBE_PANTR,75.510,147,36,0,1,147,1,147,5.76e-82,240
NP_000509.1,sp|P02100|HBE_HUMAN,75.510,147,36,0,1,147,1,147,5.76e-82,240
NP_000509.1,sp|Q6LDH0|HBE_GORGO,75.510,147,36,0,1,147,1,147,5.76e-82,240
NP_000509.1,sp|P08223|HBE_EULFU,74.830,147,37,0,1,147,1,147,5.76e-82,240
NP_000509.1,sp|P11754|HBB_CYNSP,86.301,146,20,0,2,147,1,146,7.25e-82,240
NP_000509.1,sp|Q28775|HBE_PANPA,74.830,147,37,0,1,147,1,147,7.67e-82,240
NP_000509.1,sp|Q28496|HBE_MICMU,76.190,147,35,0,1,147,1,147,8.10e-82,240
NP_000509.1,sp|P18990|HBB_TURTR,86.301,146,20,0,2,147,1,146,8.84e-82,240
NP_000509.1,sp|P19760|HBG_OTOCR,75.510,147,36,0,1,147,1,147,9.55e-82,240
NP_000509.1,sp|Q29415|HBE_CEBOL,74.830,147,37,0,1,147,1,147,9.55e-82,240
NP_000509.1,sp|Q7JFR7|HBE_CEBKA,74.830,147,37,0,1,147,1,147,9.55e-82,240
NP_000509.1,sp|P02085|HBB_LOXAF,80.822,146,28,0,2,147,1,146,9.65e-82,240
NP_000509.1,sp|P09905|HBB_PHYMC,85.616,146,21,0,2,147,1,146,1.11e-81,239
NP_000509.1,sp|P51442|HBE_PITIR,74.830,147,37,0,1,147,1,147,1.39e-81,239
NP_000509.1,sp|P14526|HBB_BRATR,78.231,147,32,0,1,147,1,147,1.51e-81,239
NP_000509.1,sp|P09840|HBB_MACCA,84.932,146,22,0,2,147,1,146,1.90e-81,239
NP_000509.1,sp|B3EWD0|HBB_OTOBE,85.616,146,21,0,2,147,1,146,1.97e-81,239
NP_000509.1,sp|B3EWE2|HBB_BLABR,86.897,145,19,0,2,146,1,145,2.35e-81,239
NP_000509.1,sp|P02094|HBB_MESAU,75.510,147,36,0,1,147,1,147,2.89e-81,238
NP_000509.1,sp|P11025|HBE_DIDVI,73.469,147,39,0,1,147,1,147,3.68e-81,238
NP_000509.1,sp|Q28220|HBE_CEBAL,74.150,147,38,0,1,147,1,147,3.93e-81,238
NP_000509.1,sp|P08225|HBG_EULFU,75.510,147,36,0,1,147,1,147,4.89e-81,238
NP_000509.1,sp|P08224|HBG_CHEME,75.510,147,36,0,1,147,1,147,6.72e-81,238
NP_000509.1,sp|P04245|HBB_TRAST,85.417,144,21,0,4,147,2,145,1.62e-80,236
NP_000509.1,sp|Q45XH5|HBG_DUGDU,74.150,147,38,0,1,147,1,147,1.62e-80,237
NP_000509.1,sp|P68231|HBB_CAMDR,84.354,147,23,0,1,147,1,147,1.80e-80,236
NP_000509.1,sp|P68230|HBB_CAMBA,84.354,147,23,0,1,147,1,147,1.80e-80,236
NP_000509.1,sp|Q7M2Y5|HBB2_CHAMP,85.034,147,22,0,1,147,1,147,2.62e-80,236
NP_000509.1,sp|P68079|HBG_PAPCY,74.150,147,38,0,1,147,1,147,2.80e-80,236
NP_000509.1,sp|P68077|HBG_MACMU,74.150,147,38,0,1,147,1,147,2.80e-80,236
NP_000509.1,sp|P68078|HBG_MACFU,74.150,147,38,0,1,147,1,147,2.80e-80,236
NP_000509.1,sp|Q45XI7|HBD_DUGDU,76.190,147,35,0,1,147,1,147,3.09e-80,236
NP_000509.1,sp|P67820|HBB_BUBBU,85.417,144,21,0,4,147,2,145,3.84e-80,236
NP_000509.1,sp|P67819|HBB_BOSGF,85.417,144,21,0,4,147,2,145,3.84e-80,236
NP_000509.1,sp|P02093|HBB_ONDZI,75.342,146,36,0,2,147,1,146,3.89e-80,236
NP_000509.1,sp|P02087|HBB_DASNO,78.231,147,32,0,1,147,1,147,3.93e-80,236
NP_000509.1,sp|P68228|HBB_VICPA,83.673,147,24,0,1,147,1,147,4.58e-80,236
NP_000509.1,sp|P68227|HBB_LAMVI,83.673,147,24,0,1,147,1,147,4.58e-80,236
NP_000509.1,sp|P68229|HBB_LAMGU,83.673,147,24,0,1,147,1,147,4.58e-80,236
NP_000509.1,sp|P68226|HBB_LAMGL,83.673,147,24,0,1,147,1,147,4.58e-80,236
NP_000509.1,sp|P04346|HBBA_BOSJA,85.417,144,21,0,4,147,2,145,5.46e-80,235
NP_000509.1,sp|P61921|HBG2_PANTR,73.469,147,39,0,1,147,1,147,6.58e-80,235
NP_000509.1,sp|P69892|HBG2_HUMAN,73.469,147,39,0,1,147,1,147,6.58e-80,235
NP_000509.1,sp|P62742|HBG2_GORGO,73.469,147,39,0,1,147,1,147,6.58e-80,235
NP_000509.1,sp|Q28779|HBG1_PANPA,73.469,147,39,0,1,147,1,147,8.75e-80,235
NP_000509.1,sp|P18995|HBG1_PONPY,73.469,147,39,0,1,147,1,147,9.77e-80,234
NP_000509.1,sp|P61948|HBG2_HYLLA,74.150,147,38,0,1,147,1,147,1.03e-79,234
NP_000509.1,sp|P68087|HBB1_CHAMP,83.673,147,24,0,1,147,1,147,1.48e-79,234
NP_000509.1,sp|P02111|HBB_ORNAN,76.712,146,34,0,2,147,1,146,1.88e-79,234
NP_000509.1,sp|P02070|HBB_BOVIN,84.722,144,22,0,4,147,2,145,2.01e-79,234
NP_000509.1,sp|O13071|HBE_CALGE,76.056,142,34,0,1,142,1,142,2.73e-79,233
NP_000509.1,sp|P02078|HBBC_CAPHI,79.856,139,28,0,9,147,4,142,2.95e-79,233
NP_000509.1,sp|P09907|HBB_RHIUN,84.932,146,22,0,2,147,1,146,3.68e-79,233
NP_000509.1,sp|P61920|HBG1_PANTR,72.789,147,40,0,1,147,1,147,3.89e-79,233
NP_000509.1,sp|P69891|HBG1_HUMAN,72.789,147,40,0,1,147,1,147,3.89e-79,233
NP_000509.1,sp|P02066|HBB_CERSI,85.616,146,21,0,2,147,1,146,4.02e-79,233
NP_000509.1,sp|P61947|HBG1_HYLLA,73.469,147,39,0,1,147,1,147,4.39e-79,233
NP_000509.1,sp|P02097|HBG_MACNE,73.793,145,38,0,3,147,2,146,4.48e-79,233
NP_000509.1,sp|P02072|HBB_BOSMU,84.028,144,23,0,4,147,2,145,4.78e-79,233
NP_000509.1,sp|O77655|HBG_CEPBA,72.109,147,41,0,1,147,1,147,4.84e-79,233
NP_000509.1,sp|P02060|HBB_SUNMU,84.247,146,23,0,2,147,1,146,9.24e-79,232
NP_000509.1,sp|P02104|HBE_MOUSE,73.469,147,39,0,1,147,1,147,9.56e-79,232
NP_000509.1,sp|Q45XH6|HBG_TRIMA,73.469,147,39,0,1,147,1,147,1.27e-78,232
NP_000509.1,sp|P11756|HBB_TADBR,83.562,146,24,0,2,147,1,146,1.30e-78,232
NP_000509.1,sp|Q6H1U7|HBB_NOTEU,74.150,147,38,0,1,147,1,147,1.33e-78,232
NP_000509.1,sp|P18996|HBG2_PONPY,72.109,147,41,0,1,147,1,147,1.34e-78,232
NP_000509.1,sp|P62741|HBG1_GORGO,72.789,147,40,0,1,147,1,147,1.39e-78,232
NP_000509.1,sp|P18707|HBB_MESBR,73.973,146,38,0,2,147,1,146,1.65e-78,231
NP_000509.1,sp|P02107|HBB_OSPRU,74.658,146,37,0,2,147,1,146,1.91e-78,231
NP_000509.1,sp|P02099|HBG_RABIT,73.469,147,39,0,1,147,1,147,2.06e-78,231
NP_000509.1,sp|P06643|HBE4_BOVIN,70.748,147,43,0,1,147,1,147,2.08e-78,231
NP_000509.1,sp|P02095|HBB_CAVPO,75.342,146,36,0,2,147,1,146,2.99e-78,231
NP_000509.1,sp|P09422|HBB_BISBO,83.333,144,24,0,4,147,2,145,3.68e-78,231
NP_000509.1,sp|Q45XI5|HBD_HETBR,73.469,147,39,0,1,147,1,147,3.76e-78,231
NP_000509.1,sp|P67824|HBB_EQUZE,83.562,146,24,0,2,147,1,146,4.02e-78,231
NP_000509.1,sp|P67823|HBB_EQUHE,83.562,146,24,0,2,147,1,146,4.02e-78,231
NP_000509.1,sp|P02053|HBB_EULFU,82.313,147,26,0,1,147,1,147,4.02e-78,231
NP_000509.1,sp|P02062|HBB_HORSE,83.562,146,24,0,2,147,1,146,6.23e-78,230
NP_000509.1,sp|P02109|HBB_DIDVI,71.429,147,42,0,1,147,1,147,8.11e-78,230
NP_000509.1,sp|P02106|HBB_MACGI,73.973,146,38,0,2,147,1,146,1.10e-77,229
NP_000509.1,sp|P24292|HBB_ECHTE,75.342,146,36,0,2,147,1,146,1.16e-77,229
NP_000509.1,sp|B3EWE0|HBB_TAMST,81.507,146,27,0,2,147,1,146,1.23e-77,229
NP_000509.1,sp|P02073|HBB_ALCAA,84.028,144,23,0,4,147,2,145,1.46e-77,229
NP_000509.1,sp|P02105|HBE2_CAPHI,70.748,147,43,0,1,147,1,147,1.89e-77,229
NP_000509.1,sp|Q45XI4|HBD_DENDR,72.789,147,40,0,1,147,1,147,2.32e-77,229
NP_000509.1,sp|P02086|HBB_PROHA,83.562,146,24,0,2,147,1,146,4.06e-77,228
NP_000509.1,sp|P68031|HBG_ALOCA,72.109,147,41,0,1,147,1,147,6.16e-77,228
NP_000509.1,sp|P68030|HBG_ALOBE,72.109,147,41,0,1,147,1,147,6.16e-77,228
NP_000509.1,sp|Q45XI6|HBD_PROCA,72.109,147,41,0,1,147,1,147,7.43e-77,228
NP_000509.1,sp|Q9GJS7|HBG_CALJA,71.429,147,42,0,1,147,1,147,7.84e-77,227
NP_000509.1,sp|P68256|HBG1_SAPAP,71.429,147,42,0,1,147,1,147,1.01e-76,227
NP_000509.1,sp|Q28221|HBG1_CEBAL,71.429,147,42,0,1,147,1,147,1.01e-76,227
NP_000509.1,sp|P68257|HBG2_SAPAP,71.429,147,42,0,1,147,1,147,1.03e-76,227
NP_000509.1,sp|P68258|HBG2_CEBAL,71.429,147,42,0,1,147,1,147,1.03e-76,227
NP_000509.1,sp|Q28932|HBB_SMICR,71.429,147,42,0,1,147,1,147,1.33e-76,227
NP_000509.1,sp|P68070|HBG_LAGLA,72.109,147,41,0,1,147,1,147,1.36e-76,227
NP_000509.1,sp|P68071|HBG_BRAAR,72.109,147,41,0,1,147,1,147,1.36e-76,227
NP_000509.1,sp|P68069|HBG_ATEPA,72.109,147,41,0,1,147,1,147,1.36e-76,227
NP_000509.1,sp|P68068|HBG_ATEGE,72.109,147,41,0,1,147,1,147,1.36e-76,227
NP_000509.1,sp|P04444|HBBZ_MOUSE,69.388,147,45,0,1,147,1,147,3.37e-76,226
NP_000509.1,sp|P21380|HBB_RANTA,81.944,144,26,0,4,147,2,145,3.60e-76,226
NP_000509.1,sp|P02075|HBB_SHEEP,82.639,144,25,0,4,147,2,145,8.28e-76,224
NP_000509.1,sp|P56285|HBG_ALOSE,71.429,147,42,0,1,147,1,147,1.23e-75,224
NP_000509.1,sp|P02108|HBB_POTTR,71.233,146,42,0,2,147,1,146,1.75e-75,224
NP_000509.1,sp|Q27940|HBG_AOTAZ,70.748,147,43,0,1,147,1,147,2.48e-75,224
NP_000509.1,sp|P02064|HBB1_TAPTE,82.877,146,25,0,2,147,1,146,2.51e-75,223
NP_000509.1,sp|Q9GLX4|HBG1_PLEMO,71.429,147,42,0,1,147,1,147,2.92e-75,223
NP_000509.1,sp|P84792|HBB_AYTFU,70.068,147,44,0,1,147,1,147,3.60e-75,223
NP_000509.1,sp|P14524|HBB_TURME,71.918,146,41,0,2,147,1,146,1.05e-74,222
NP_000509.1,sp|P02081|HBBF_BOVIN,78.472,144,31,0,4,147,2,145,1.10e-74,222
NP_000509.1,sp|P02112|HBB_CHICK,69.388,147,45,0,1,147,1,147,1.48e-74,221
NP_000509.1,sp|P02077|HBBA_CAPHI,80.556,144,28,0,4,147,2,145,2.20e-74,221
NP_000509.1,sp|P02074|HBB_ODOVI,81.944,144,26,0,4,147,2,145,2.83e-74,221
NP_000509.1,sp|P81042|HBE_NOTEU,76.871,147,34,0,1,147,1,147,3.05e-74,221
NP_000509.1,sp|P06642|HBE2_BOVIN,68.027,147,47,0,1,147,1,147,4.15e-74,221
NP_000509.1,sp|P02114|HBB_ANAPL,69.388,147,45,0,1,147,1,147,4.29e-74,220
NP_000509.1,sp|P14260|HBB_CAIMO,69.388,147,45,0,1,147,1,147,4.38e-74,220
NP_000509.1,sp|P29626|HBBY_MESAU,68.027,147,47,0,1,147,1,147,5.05e-74,220
NP_000509.1,sp|P02127|HBRH_CHICK,65.986,147,50,0,1,147,1,147,5.58e-74,220
NP_000509.1,sp|P02076|HBB_OVIMU,72.222,144,40,0,4,147,2,145,1.25e-73,219
NP_000509.1,sp|P04443|HBB0_MOUSE,66.667,147,49,0,1,147,1,147,1.33e-73,219
NP_000509.1,sp|P02117|HBB_ANSAN,69.178,146,45,0,2,147,1,146,1.36e-73,219
NP_000509.1,sp|P02126|HBB_STUVU,70.548,146,43,0,2,147,1,146,1.56e-73,219
NP_000509.1,sp|P02118|HBB_ANSIN,69.178,146,45,0,2,147,1,146,1.62e-73,219
NP_000509.1,sp|P11342|HBB_COLLI,69.178,146,45,0,2,147,1,146,1.63e-73,219
NP_000509.1,sp|P07406|HBB_PASMO,70.548,146,43,0,2,147,1,146,1.74e-73,219
NP_000509.1,sp|P02128|HBE_CHICK,65.986,147,50,0,1,147,1,147,1.90e-73,219
NP_000509.1,sp|P68945|HBB_CYGOL,69.178,146,45,0,2,147,1,146,1.92e-73,219
NP_000509.1,sp|P68944|HBB_BRACA,69.178,146,45,0,2,147,1,146,1.92e-73,219
NP_000509.1,sp|P22742|HBB_FRAPO,69.178,146,45,0,2,147,1,146,1.95e-73,219
NP_000509.1,sp|P02115|HBB_ANAPP,69.863,146,44,0,2,147,1,146,2.17e-73,219
NP_000509.1,sp|P68062|HBB_TRIOC,68.493,146,46,0,2,147,1,146,2.76e-73,218
NP_000509.1,sp|P68063|HBB_GYPRU,68.493,146,46,0,2,147,1,146,2.76e-73,218
NP_000509.1,sp|P68061|HBB_AEGMO,68.493,146,46,0,2,147,1,146,2.76e-73,218
NP_000509.1,sp|P10058|HBB_EUDCH,67.808,146,47,0,2,147,1,146,3.29e-73,218
NP_000509.1,sp|P21668|HBB_PSIKR,69.178,146,45,0,2,147,1,146,4.63e-73,218
NP_000509.1,sp|P02083|HBBF_SHEEP,77.778,144,32,0,4,147,2,145,8.00e-73,217
NP_000509.1,sp|P30893|HBB_COTJA,68.493,146,46,0,2,147,1,146,8.27e-73,217
NP_000509.1,sp|P02116|HBB_ARAAR,69.178,146,45,0,2,147,1,146,8.45e-73,217
NP_000509.1,sp|P82113|HBB_STEMC,68.493,146,46,0,2,147,1,146,9.03e-73,217
NP_000509.1,sp|P02121|HBB_PHORB,67.808,146,47,0,2,147,1,146,1.04e-72,217
NP_000509.1,sp|P07411|HBB_VULGR,67.808,146,47,0,2,147,1,146,1.28e-72,217
NP_000509.1,sp|P02082|HBBF_CAPHI,77.778,144,32,0,4,147,2,145,1.48e-72,216
NP_000509.1,sp|P02065|HBB2_TAPTE,80.137,146,29,0,2,147,1,146,1.48e-72,216
NP_000509.1,sp|P02124|HBB_RHEAM,68.493,146,46,0,2,147,1,146,1.54e-72,216
NP_000509.1,sp|P10782|HBB_PHACA,68.493,146,46,0,2,147,1,146,1.56e-72,216
NP_000509.1,sp|P02113|HBB_PHACO,67.808,146,47,0,2,147,1,146,1.94e-72,216
NP_000509.1,sp|P02122|HBB_AQUCH,67.808,146,47,0,2,147,1,146,2.79e-72,216
NP_000509.1,sp|Q7LZB9|HBB_STROE,68.493,146,46,0,2,147,1,146,3.26e-72,216
NP_000509.1,sp|P07036|HBB_CHLME,68.493,146,46,0,2,147,1,146,3.29e-72,216
NP_000509.1,sp|P68056|HBBC_SHEEP,80.576,139,27,0,9,147,4,142,3.55e-72,215
NP_000509.1,sp|P68058|HBBC_AMMLE,80.576,139,27,0,9,147,3,141,5.27e-72,215
NP_000509.1,sp|P02123|HBB_STRCA,67.808,146,47,0,2,147,1,146,5.57e-72,215
NP_000509.1,sp|P68057|HBBC_OVIMU,80.576,139,27,0,9,147,3,141,6.01e-72,215
NP_000509.1,sp|P80216|HBB_APTFO,68.493,146,46,0,2,147,1,146,7.33e-72,215
NP_000509.1,sp|P18436|HBG_CARSF,66.892,148,48,1,1,147,1,148,8.18e-72,215
NP_000509.1,sp|P02120|HBB_ANSSE,67.123,146,48,0,2,147,1,146,1.37e-71,214
NP_000509.1,sp|P10061|HBB2_SPHPU,67.123,146,48,0,2,147,1,146,2.53e-71,213
NP_000509.1,sp|P08261|HBB_CHRRI,67.808,146,47,0,2,147,1,146,2.73e-71,213
NP_000509.1,sp|P83123|HBB_CHENI,68.027,147,47,0,1,147,1,147,4.52e-71,213
NP_000509.1,sp|P08851|HBB_ACCGE,67.123,146,48,0,2,147,1,146,7.65e-71,212
NP_000509.1,sp|P02125|HBB_CICCI,67.808,146,47,0,2,147,1,146,1.12e-70,212
NP_000509.1,sp|Q98905|HBB_CHECB,67.347,147,48,0,1,147,1,147,1.44e-70,211
NP_000509.1,sp|P16418|HBB_ERYML,67.808,146,47,0,2,147,1,146,1.29e-69,209
NP_000509.1,sp|P02092|HBB_MICXA,69.178,146,45,0,2,147,1,146,2.31e-69,208
NP_000509.1,sp|P15165|HBB_APUAP,65.753,146,50,0,2,147,1,146,2.75e-69,208
NP_000509.1,sp|P13274|HBB_CHRPI,65.753,146,50,0,2,147,1,146,4.36e-69,207
NP_000509.1,sp|P86390|HBB2_IGUIG,67.123,146,48,0,2,147,1,146,7.30e-69,207
NP_000509.1,sp|P86391|HBB2_AMBCR,66.438,146,49,0,2,147,1,146,1.31e-68,206
NP_000509.1,sp|P0C0U8|HBB1_DRYME,66.438,146,49,0,2,147,1,146,2.33e-68,206
NP_000509.1,sp|P02080|HBBN_AMMLE,65.714,140,48,0,8,147,2,141,2.41e-68,206
NP_000509.1,sp|P83133|HBB_ALDGI,66.438,146,49,0,2,147,1,146,2.75e-68,206
NP_000509.1,sp|P41332|HBB_HYDGR,65.068,146,51,0,2,147,1,146,4.60e-67,202
NP_000509.1,sp|P14261|HBE_CAIMO,61.224,147,57,0,1,147,1,147,7.52e-67,202
NP_000509.1,sp|P18987|HBB1_IGUIG,64.384,146,52,0,2,147,1,146,2.04e-66,201
NP_000509.1,sp|P18993|HBB1_VARAL,65.068,146,51,0,2,147,1,146,3.68e-66,200
NP_000509.1,sp|P22743|HBB2_NAJNA,64.384,146,52,0,2,147,1,146,7.85e-66,199
NP_000509.1,sp|P10060|HBB1_SPHPU,63.699,146,53,0,2,147,1,146,8.93e-65,197
NP_000509.1,sp|Q10733|HBB_CARCR,56.164,146,64,0,2,147,1,146,5.36e-62,190
NP_000509.1,sp|P02136|HBB3_LITCT,55.782,147,65,0,1,147,1,147,1.27e-58,181
NP_000509.1,sp|P82316|HBBC_HOPLI,52.414,145,69,0,2,146,1,145,3.19e-57,178
NP_000509.1,sp|P83114|HBB2_TELPE,57.534,146,61,1,2,147,1,145,5.82e-57,177
NP_000509.1,sp|P02129|HBB_CRONI,55.556,144,64,0,4,147,3,146,2.26e-56,176
NP_000509.1,sp|P86919|HBB_CROSI,54.167,144,66,0,4,147,3,146,1.21e-55,174
NP_000509.1,sp|P02137|HBBL_XENLA,56.164,146,64,0,1,146,1,146,1.83e-55,173
NP_000509.1,sp|P02142|HBB1_ONCMY,53.103,145,68,0,2,146,1,145,3.49e-55,172
NP_000509.1,sp|P02139|HBB_CYPCA,54.422,147,66,1,2,147,1,147,7.25e-55,172
NP_000509.1,sp|Q90486|HBB1_DANRE,51.351,148,71,1,1,147,1,148,7.32e-55,172
NP_000509.1,sp|Q90485|HBB2_DANRE,50.000,148,73,1,1,147,1,148,2.52e-54,171
NP_000509.1,sp|P02133|HBB2_XENLA,53.061,147,69,0,1,147,1,147,5.86e-54,169
NP_000509.1,sp|O13164|HBB_DECMA,52.027,148,70,1,1,147,1,148,1.01e-53,169
NP_000509.1,sp|Q7LZC2|HBB1_MURHE,52.414,145,69,0,2,146,1,145,1.06e-53,169
NP_000509.1,sp|P80727|HBBC_ANGAN,53.103,145,68,0,2,146,1,145,1.23e-53,169
NP_000509.1,sp|P08423|HBB2_XENTR,54.795,146,66,0,1,146,1,146,3.60e-53,167
NP_000509.1,sp|P83478|HBBC_CONCO,51.724,145,70,0,2,146,1,145,5.12e-53,167
NP_000509.1,sp|Q9PVM1|HBBB_SERQU,50.676,148,72,1,1,147,1,148,7.40e-53,167
NP_000509.1,sp|P02140|HBB_CARAU,51.020,147,71,1,2,147,1,147,1.74e-52,166
NP_000509.1,sp|P02134|HBB_PELLE,58.088,136,57,0,12,147,5,140,2.72e-52,165
NP_000509.1,sp|Q9PVM2|HBBA_SERQU,50.000,148,73,1,1,147,1,148,3.58e-52,165
NP_000509.1,sp|O13163|HBB_SILAS,53.378,148,68,1,1,147,1,148,2.10e-51,163
NP_000509.1,sp|Q1AGS7|HBB1_BORSA,51.020,147,72,0,1,147,1,147,8.64e-51,161
NP_000509.1,sp|P02130|HBB_ALLMI,50.714,140,69,0,8,147,7,146,8.84e-51,161
NP_000509.1,sp|P84610|HBB1_GADMO,51.020,147,72,0,1,147,1,147,7.05e-50,159
NP_000509.1,sp|P18991|HBB1_SAAHA,53.425,146,68,0,2,147,1,146,9.28e-50,159
NP_000509.1,sp|Q98TS0|HBB_ONCNE,51.351,148,71,1,1,147,1,148,1.16e-49,159
NP_000509.1,sp|P84204|HBBC_GYMUN,51.724,145,70,0,2,146,1,145,1.41e-49,158
NP_000509.1,sp|P29627|HBBZ_MESAU,71.569,102,29,0,46,147,1,102,1.43e-49,157
NP_000509.1,sp|P02131|HBB_CAICR,50.000,144,72,0,4,147,3,146,1.77e-49,158
NP_000509.1,sp|P02141|HBB4_ONCMY,50.676,148,72,1,1,147,1,148,2.76e-49,157
NP_000509.1,sp|Q91473|HBB_SALSA,50.000,148,73,1,1,147,1,148,3.96e-49,157
NP_000509.1,sp|P07433|HBB2_XENBO,47.222,144,76,0,4,147,3,146,7.49e-49,156
NP_000509.1,sp|C0HJE1|HBB_PALPA,49.306,144,73,0,4,147,3,146,1.76e-48,155
NP_000509.1,sp|P23741|HBB_LATCH,47.945,146,76,0,2,147,1,146,1.78e-48,155
NP_000509.1,sp|P14521|HBB_ELEEL,49.660,147,73,1,2,147,1,147,4.90e-48,154
NP_000509.1,sp|P56251|HBB_LEIXA,47.619,147,76,1,2,147,1,147,8.28e-48,154
NP_000509.1,sp|P84206|HBBA_GYMUN,47.619,147,76,1,2,147,1,147,8.74e-48,154
NP_000509.1,sp|P11749|HBB_THUTH,47.945,146,76,0,2,147,1,146,2.05e-47,153
NP_000509.1,sp|Q1AGS3|HBB1_ARCGL,53.030,132,62,0,16,147,1,132,3.30e-47,152
NP_000509.1,sp|P02135|HBB_LITCT,52.899,138,65,0,10,147,3,140,7.07e-47,151
NP_000509.1,sp|P83624|HBB1_PSEUR,48.252,143,74,0,5,147,4,146,1.04e-46,151
NP_000509.1,sp|Q6Y239|HBB_PAGMA,47.973,148,76,1,1,147,1,148,2.19e-46,150
NP_000509.1,sp|Q1AGS6|HBB2_BORSA,44.218,147,82,0,1,147,1,147,5.38e-46,149
NP_000509.1,sp|P83272|HBB1_ANAMI,46.207,145,78,0,2,146,1,145,1.05e-45,149
NP_000509.1,sp|P10785|HBB1_TRICR,47.222,144,76,0,4,147,2,145,1.24e-45,148
NP_000509.1,sp|P83273|HBB2_ANAMI,47.945,146,76,0,2,147,1,146,1.28e-45,148
NP_000509.1,sp|P02132|HBB1_XENLA,45.833,144,78,0,4,147,3,146,1.32e-45,148
NP_000509.1,sp|P80946|HBBA_ANGAN,45.578,147,79,1,2,147,1,147,1.64e-45,148
NP_000509.1,sp|O13078|HBB_MERMR,43.537,147,83,0,1,147,1,147,2.96e-45,147
NP_000509.1,sp|P10786|HBB2_TRICR,46.897,145,77,0,2,146,1,145,4.08e-45,147
NP_000509.1,sp|O93348|HBB1_PAGBO,44.898,147,81,0,1,147,1,147,4.68e-45,147
NP_000509.1,sp|P07432|HBB1_XENBO,45.833,144,78,0,4,147,3,146,7.34e-45,146
NP_000509.1,sp|P0C240|HBB_POGSC,44.521,146,81,0,2,147,1,146,7.58e-45,146
NP_000509.1,sp|P29625|HBB_GYMAC,45.578,147,80,0,1,147,1,147,7.65e-45,146
NP_000509.1,sp|P07429|HBB1_XENTR,42.177,147,85,0,1,147,1,147,7.91e-45,146
NP_000509.1,sp|P84611|HBB2_GADMO,44.218,147,82,0,1,147,1,147,1.22e-44,146
NP_000509.1,sp|K7N5M6|HBB1_ELEMC,45.890,146,79,0,2,147,1,146,1.24e-44,146
NP_000509.1,sp|O93351|HBB_TREHA,45.578,147,80,0,1,147,1,147,1.40e-44,145
NP_000509.1,sp|P80044|HBB_TREBE,45.578,147,80,0,1,147,1,147,1.94e-44,145
NP_000509.1,sp|Q7LZC1|HBB3_MURHE,45.578,147,79,1,2,147,1,147,2.21e-44,145
NP_000509.1,sp|P02138|HBB_LEPPA,48.299,147,75,1,2,147,1,147,2.23e-44,145
NP_000509.1,sp|C0HJT6|HBB1_DISEL,45.890,146,79,0,2,147,1,146,2.72e-44,145
NP_000509.1,sp|P0C239|HBB_ARTOR,43.151,146,83,0,2,147,1,146,3.10e-44,145
NP_000509.1,sp|P84604|HBB2_ARCGL,43.537,147,83,0,1,147,1,147,4.39e-44,144
NP_000509.1,sp|O09232|HBB_MELAE,43.537,147,83,0,1,147,1,147,4.49e-44,144
NP_000509.1,sp|P29628|HBB_NOTAN,45.205,146,80,0,2,147,1,146,8.66e-44,144
NP_000509.1,sp|B3EWR8|HBBC_OPHSE,48.276,145,75,0,2,146,1,145,9.77e-44,144
NP_000509.1,sp|O93349|HBB2_TRENE,43.537,147,83,0,1,147,1,147,2.87e-43,142
NP_000509.1,sp|P23017|HBB1_CYGMA,45.578,147,80,0,1,147,1,147,4.12e-43,142
NP_000509.1,sp|P84652|HBB_COTGO,44.898,147,81,0,1,147,1,147,4.50e-43,142
NP_000509.1,sp|P86879|HBB1_LYCRE,45.517,145,79,0,2,146,1,145,5.19e-43,142
NP_000509.1,sp|P45720|HBB_TRENE,43.836,146,82,0,2,147,1,146,5.67e-43,142
NP_000509.1,sp|P07420|HBB_DASVI,78.161,87,19,0,61,147,1,87,6.40e-43,139
NP_000509.1,sp|P23018|HBB2_CYGMA,45.890,146,79,0,2,147,1,146,1.80e-42,140
NP_000509.1,sp|P83612|HBB1_GOBGI,44.521,146,81,0,2,147,1,146,2.15e-42,140
NP_000509.1,sp|P16309|HBB_NOTNE,43.151,146,83,0,2,147,1,146,3.11e-42,140
NP_000509.1,sp|P85082|HBB1_LIPTU,45.578,147,80,0,1,147,1,147,3.78e-42,139
NP_000509.1,sp|P83625|HBB2_PSEUR,43.836,146,82,0,2,147,1,146,5.67e-42,139
NP_000509.1,sp|P80271|HBB_CHEKU,41.781,146,85,0,2,147,1,146,5.92e-42,139
NP_000509.1,sp|O13077|HBB_GADMO,41.497,147,86,0,1,147,1,147,1.48e-40,135
NP_000509.1,sp|P82345|HBB0_PAGBO,43.836,146,82,0,2,147,1,146,3.79e-40,134
NP_000509.1,sp|P86887|HBB2_LYCRE,43.448,145,82,0,2,146,1,145,9.57e-40,133
NP_000509.1,sp|P83614|HBB2_GOBGI,43.151,146,83,0,2,147,1,146,1.36e-39,133
NP_000509.1,sp|P45722|HBBC_TREBE,43.151,146,83,0,2,147,1,146,2.82e-39,132
NP_000509.1,sp|C0HJT7|HBB2_DISEL,43.151,146,83,0,2,147,1,146,9.88e-39,131
NP_000509.1,sp|P14520|HBA_ELEEL,45.890,146,72,2,4,147,2,142,1.53e-38,130
NP_000509.1,sp|P45721|HBBC_TRENE,42.466,146,84,0,2,147,1,146,2.14e-38,130
NP_000509.1,sp|P80043|HBA_TREBE,41.781,146,78,2,4,147,2,142,1.54e-35,122
NP_000509.1,sp|P45718|HBA1_TRENE,41.781,146,78,2,4,147,2,142,1.69e-35,122
NP_000509.1,sp|P04241|HBAD_RHEAM,44.828,145,72,2,4,146,2,140,3.72e-35,122
NP_000509.1,sp|P11748|HBA_THUTH,43.151,146,76,2,4,147,3,143,6.52e-35,121
NP_000509.1,sp|P0C238|HBA_POGSC,42.466,146,77,3,4,147,3,143,1.64e-34,120
NP_000509.1,sp|P29624|HBA1_NOTAN,40.411,146,80,2,4,147,2,142,2.14e-34,120
NP_000509.1,sp|P84203|HBAC_GYMUN,42.177,147,77,3,4,147,2,143,2.41e-34,120
NP_000509.1,sp|P07409|HBB_SQUAC,44.898,147,75,2,2,147,1,142,5.59e-34,119
NP_000509.1,sp|P83134|HBAD_ALDGI,42.069,145,76,2,4,146,2,140,6.61e-34,118
NP_000509.1,sp|P82990|HBA_PAGBO,41.096,146,79,2,4,147,2,142,6.87e-34,118
NP_000509.1,sp|P11753|HBA_CYNSP,42.759,145,75,2,4,146,2,140,8.49e-34,118
NP_000509.1,sp|P02018|HBA_CARAU,41.096,146,79,2,4,147,2,142,1.12e-33,118
NP_000509.1,sp|P10777|HBA1_NOTNE,39.041,146,82,2,4,147,2,142,1.16e-33,118
NP_000509.1,sp|C0HJT8|HBA_DISEL,43.165,139,72,2,10,146,1,134,1.84e-33,117
NP_000509.1,sp|P01944|HBA_ONDZI,43.448,145,74,2,4,146,2,140,1.94e-33,117
NP_000509.1,sp|P0C237|HBA_ARTOR,40.541,148,81,3,2,147,1,143,2.24e-33,117
NP_000509.1,sp|Q9DF25|HBAD_CHECB,42.069,145,76,2,4,146,2,140,2.97e-33,117
NP_000509.1,sp|Q90487|HBA_DANRE,40.541,148,81,2,2,147,1,143,4.31e-33,116
NP_000509.1,sp|K7N5M5|HBA1_ELEMC,39.726,146,81,2,4,147,2,142,4.72e-33,116
NP_000509.1,sp|P08849|HBAD_ACCGE,42.759,145,75,3,4,146,2,140,5.64e-33,116
NP_000509.1,sp|P83124|HBAD_CHENI,41.379,145,77,2,4,146,2,140,6.86e-33,116
NP_000509.1,sp|P14390|HBA_PTEPO,43.448,145,74,2,4,146,2,140,7.65e-33,115
NP_000509.1,sp|P21379|HBA_RANTA,44.828,145,72,3,4,146,2,140,7.91e-33,115
NP_000509.1,sp|P83611|HBA1_GOBGI,39.726,146,81,2,4,147,2,142,8.50e-33,115
NP_000509.1,sp|P02007|HBPI_CHICK,38.356,146,82,2,4,147,3,142,1.02e-32,115
NP_000509.1,sp|D0VX09|HBA_PTEGI,43.448,145,74,2,4,146,2,140,1.08e-32,115
NP_000509.1,sp|P01971|HBA_ALCAA,44.828,145,72,3,4,146,3,141,1.19e-32,115
NP_000509.1,sp|P01979|HBA_ORNAN,45.517,145,71,3,4,146,2,140,1.32e-32,115
NP_000509.1,sp|P26915|HBA_NASNA,43.448,145,74,3,4,146,2,140,1.60e-32,115
NP_000509.1,sp|P23016|HBA_CYGMA,40.411,146,80,2,4,147,2,142,1.84e-32,115
NP_000509.1,sp|P04240|HBAD_BRACA,42.759,145,75,2,4,146,2,140,1.95e-32,115
NP_000509.1,sp|P07414|HBA_TRIIN,40.000,145,79,2,4,146,2,140,2.30e-32,114
NP_000509.1,sp|P69907|HBA_PANTR,43.448,145,74,3,4,146,3,141,2.52e-32,114
NP_000509.1,sp|P69906|HBA_PANPA,43.448,145,74,3,4,146,3,141,2.52e-32,114
NP_000509.1,sp|P69905|HBA_HUMAN,43.448,145,74,3,4,146,3,141,2.52e-32,114
NP_000509.1,sp|P84791|HBAD_AYTFU,42.759,145,75,2,4,146,2,140,2.56e-32,114
NP_000509.1,sp|P10892|HBA_LUTLU,44.138,145,73,3,4,146,2,140,3.18e-32,114
NP_000509.1,sp|P02001|HBAD_CHICK,43.448,145,74,3,4,146,2,140,3.47e-32,114
NP_000509.1,sp|P83270|HBA1_ANAMI,40.541,148,81,2,2,147,1,143,3.93e-32,114
NP_000509.1,sp|P81024|HBAD_MELGA,42.759,145,75,3,4,146,2,140,4.46e-32,114
NP_000509.1,sp|P01945|HBA_MESAU,41.379,145,77,2,4,146,2,140,4.51e-32,114
NP_000509.1,sp|P01943|HBA_SPAEH,42.759,145,75,2,4,146,2,140,4.76e-32,114
NP_000509.1,sp|P06636|HBA3_XENLA,44.138,145,73,3,4,146,3,141,4.85e-32,114
NP_000509.1,sp|P14527|HBA4_ONCMY,39.726,146,81,2,4,147,2,142,5.01e-32,114
NP_000509.1,sp|P18972|HBA_MICAD,43.448,145,74,3,4,146,2,140,6.05e-32,114
NP_000509.1,sp|P01923|HBA_GORGO,42.759,145,75,3,4,146,2,140,7.12e-32,113
NP_000509.1,sp|P01935|HBA3_PANTR,41.379,145,77,3,4,146,2,140,7.20e-32,113
NP_000509.1,sp|P02016|HBA_CYPCA,39.865,148,82,2,2,147,1,143,7.54e-32,113
NP_000509.1,sp|P83271|HBA2_ANAMI,39.189,148,83,2,2,147,1,143,7.62e-32,113
NP_000509.1,sp|P18970|HBA_AILME,44.138,145,73,3,4,146,3,141,7.65e-32,113
NP_000509.1,sp|B3EWE3|HBA_MICPE,42.069,145,76,2,4,146,2,140,7.85e-32,113
NP_000509.1,sp|P14389|HBA_PTEAL,42.759,145,75,2,4,146,2,140,8.38e-32,113
NP_000509.1,sp|P10781|HBAD_PHACA,42.759,145,75,2,4,146,2,140,8.85e-32,113
NP_000509.1,sp|P04243|HBPI_CAIMO,39.726,146,80,3,4,147,3,142,9.11e-32,113
NP_000509.1,sp|P68060|HBAD_TRIOC,42.466,146,76,3,4,147,2,141,9.76e-32,113
NP_000509.1,sp|P68059|HBAD_AEGMO,42.466,146,76,3,4,147,2,141,9.76e-32,113
NP_000509.1,sp|Q862A7|HBA_PIPAB,42.759,145,76,2,4,146,3,142,1.00e-31,113
NP_000509.1,sp|P09908|HBA_PHOVI,43.448,145,74,3,4,146,2,140,1.12e-31,113
NP_000509.1,sp|P02019|HBA1_ONCMY,43.243,148,75,3,4,147,2,144,1.15e-31,113
NP_000509.1,sp|P04239|HBAD_ANSIN,41.379,145,77,2,4,146,2,140,1.16e-31,113
