AAA59595.1,sp|P02144|MYG_HUMAN,99.351,154,1,0,1,154,1,154,9.34e-110,311
AAA59595.1,sp|P62735|MYG_SYMSY,98.701,154,2,0,1,154,1,154,3.89e-109,310
AAA59595.1,sp|P62734|MYG_HYLAG,98.701,154,2,0,1,154,1,154,3.89e-109,310
AAA59595.1,sp|P02147|MYG_GORBE,98.701,154,2,0,1,154,1,154,8.03e-109,309
AAA59595.1,sp|P02145|MYG_PANTR,98.701,154,2,0,1,154,1,154,9.26e-109,308
AAA59595.1,sp|P02148|MYG_PONPY,98.052,154,3,0,1,154,1,154,9.80e-108,306
AAA59595.1,sp|P68085|MYG_SEMEN,95.455,154,7,0,1,154,1,154,9.23e-105,298
AAA59595.1,sp|P68084|MYG_PAPAN,95.455,154,7,0,1,154,1,154,9.23e-105,298
AAA59595.1,sp|P68086|MYG_ERYPA,95.455,154,7,0,1,154,1,154,9.23e-105,298
AAA59595.1,sp|P02150|MYG_MACFA,94.805,154,8,0,1,154,1,154,4.29e-104,297
AAA59595.1,sp|P02163|MYG_ROUAE,93.506,154,10,0,1,154,1,154,8.68e-103,293
AAA59595.1,sp|P02189|MYG_PIG,92.857,154,11,0,1,154,1,154,2.57e-102,292
AAA59595.1,sp|P14396|MYG_CASFI,90.260,154,15,0,1,154,1,154,1.78e-100,288
AAA59595.1,sp|P02165|MYG_TUPGL,90.909,154,14,0,1,154,1,154,3.63e-100,287
AAA59595.1,sp|P02164|MYG_ORYAF,89.610,154,16,0,1,154,1,154,9.11e-100,286
AAA59595.1,sp|P11343|MYG_LUTLU,90.260,154,15,0,1,154,1,154,2.14e-99,285
AAA59595.1,sp|P02152|MYG_CALJA,90.260,154,15,0,1,154,1,154,3.29e-99,285
AAA59595.1,sp|P02151|MYG_AOTTR,89.610,154,16,0,1,154,1,154,4.83e-99,284
AAA59595.1,sp|P02153|MYG_SAPAP,90.260,154,15,0,1,154,1,154,5.39e-99,284
AAA59595.1,sp|P02171|MYG_OCHPR,89.610,154,16,0,1,154,1,154,1.55e-98,283
AAA59595.1,sp|P02193|MYG_DIDVI,89.610,154,16,0,1,154,1,154,1.58e-98,283
AAA59595.1,sp|P20856|MYG_CTEGU,89.610,154,16,0,1,154,1,154,4.73e-98,281
AAA59595.1,sp|P04250|MYG_LAGMA,88.312,154,18,0,1,154,1,154,5.34e-98,281
AAA59595.1,sp|P02166|MYG_PERPO,88.961,154,17,0,1,154,1,154,8.46e-98,281
AAA59595.1,sp|P04249|MYG_PROGU,88.312,154,18,0,1,154,1,154,1.02e-97,281
AAA59595.1,sp|P02156|MYG_ERIEU,88.961,154,17,0,1,154,1,154,1.09e-97,281
AAA59595.1,sp|P02154|MYG_LAGLA,88.961,154,17,0,1,154,1,154,1.22e-97,280
AAA59595.1,sp|P02155|MYG_SAISC,88.312,154,18,0,1,154,1,154,2.62e-97,280
AAA59595.1,sp|P02181|MYG_INIGE,87.662,154,19,0,1,154,1,154,2.96e-97,280
AAA59595.1,sp|C0HJQ9|MYG_HYSCR,88.312,154,18,0,1,154,1,154,3.34e-97,280
AAA59595.1,sp|P04248|MYG_SPAEH,88.312,154,18,0,1,154,1,154,4.49e-97,279
AAA59595.1,sp|P02170|MYG_RABIT,88.961,154,17,0,1,154,1,154,4.64e-97,279
AAA59595.1,sp|P02157|MYG_MELME,88.312,154,18,0,1,154,1,154,8.57e-97,278
AAA59595.1,sp|P02161|MYG_ZALCA,87.662,154,19,0,1,154,1,154,8.76e-97,278
AAA59595.1,sp|R9RZK8|MYG_BALMY,87.013,154,20,0,1,154,1,154,1.11e-96,278
AAA59595.1,sp|Q6PL31|MYG_OCHCU,88.312,154,18,0,1,154,1,154,1.71e-96,278
AAA59595.1,sp|C0HKB7|MYG_SCIVU,88.961,154,17,0,1,154,1,154,3.20e-96,277
AAA59595.1,sp|P68082|MYG_HORSE,87.662,154,19,0,1,154,1,154,3.57e-96,277
AAA59595.1,sp|P68083|MYG_EQUQB,87.662,154,19,0,1,154,1,154,3.57e-96,277
AAA59595.1,sp|P32428|MYG_ONDZI,85.714,154,22,0,1,154,1,154,8.49e-96,276
AAA59595.1,sp|P68278|MYG_PHOPH,86.364,154,21,0,1,154,1,154,8.96e-96,276
AAA59595.1,sp|P68277|MYG_PHODA,86.364,154,21,0,1,154,1,154,8.96e-96,276
AAA59595.1,sp|P02174|MYG_GLOME,85.714,154,22,0,1,154,1,154,1.98e-95,275
AAA59595.1,sp|P02177|MYG_ESCRO,85.065,154,23,0,1,154,1,154,2.20e-95,275
AAA59595.1,sp|Q0KIY2|MYG_BALED,85.065,154,23,0,1,154,1,154,2.20e-95,275
AAA59595.1,sp|Q0KIY1|MYG_BALBO,85.065,154,23,0,1,154,1,154,2.20e-95,275
AAA59595.1,sp|P68279|MYG_TURTR,85.714,154,22,0,1,154,1,154,4.65e-95,274
AAA59595.1,sp|P68276|MYG_DELDE,85.714,154,22,0,1,154,1,154,4.65e-95,274
AAA59595.1,sp|Q0KIY7|MYG1_STEAT,85.714,154,22,0,1,154,1,154,4.65e-95,274
AAA59595.1,sp|P02167|MYG_NYCCO,87.013,154,20,0,1,154,1,154,5.72e-95,274
AAA59595.1,sp|P02160|MYG_VULCH,86.364,154,21,0,1,154,1,154,7.05e-95,273
AAA59595.1,sp|Q0KIY3|MYG_PENEL,85.065,154,23,0,1,154,1,154,7.05e-95,273
AAA59595.1,sp|P02178|MYG_MEGNO,84.416,154,24,0,1,154,1,154,7.87e-95,273
AAA59595.1,sp|P02173|MYG_ORCOR,85.065,154,23,0,1,154,1,154,7.96e-95,273
AAA59595.1,sp|Q0KIY6|MYG2_STEAT,85.065,154,23,0,1,154,1,154,1.09e-94,273
AAA59595.1,sp|P63114|MYG_OTOME,85.714,154,22,0,1,154,1,154,1.42e-94,273
AAA59595.1,sp|P63113|MYG_CANLF,85.714,154,22,0,1,154,1,154,1.42e-94,273
AAA59595.1,sp|P02169|MYG_LEPMU,85.065,154,23,0,1,154,1,154,3.50e-94,272
AAA59595.1,sp|P02159|MYG_LYCPI,85.065,154,23,0,1,154,1,154,4.12e-94,271
AAA59595.1,sp|P02185|MYG_PHYMC,83.766,154,25,0,1,154,1,154,5.02e-94,271
AAA59595.1,sp|Q0KIY0|MYG_MESST,85.714,154,22,0,1,154,1,154,5.61e-94,271
AAA59595.1,sp|P02183|MYG_MESCA,85.714,154,22,0,1,154,1,154,5.61e-94,271
AAA59595.1,sp|Q0KIY9|MYG_INDPC,85.065,154,23,0,1,154,1,154,1.94e-93,270
AAA59595.1,sp|P02179|MYG_BALAC,83.117,154,26,0,1,154,1,154,2.72e-93,270
AAA59595.1,sp|P02182|MYG_ZIPCA,84.416,154,24,0,1,154,1,154,3.07e-93,270
AAA59595.1,sp|P02194|MYG_OSPRU,85.065,154,23,0,1,154,1,154,3.74e-93,269
AAA59595.1,sp|P02190|MYG_SHEEP,85.065,154,23,0,1,154,1,154,4.27e-93,269
AAA59595.1,sp|C0HJR0|MYG_RANTA,85.065,154,23,0,1,154,1,154,4.27e-93,269
AAA59595.1,sp|P02184|MYG_KOGSI,83.766,154,25,0,1,154,1,154,6.20e-93,269
AAA59595.1,sp|Q0KIY5|MYG_KOGBR,83.766,154,25,0,1,154,1,154,6.20e-93,269
AAA59595.1,sp|P68080|MYG_PHOVI,83.766,154,25,0,1,154,1,154,6.26e-93,268
AAA59595.1,sp|P68081|MYG_HALGR,83.766,154,25,0,1,154,1,154,6.26e-93,268
AAA59595.1,sp|P02168|MYG_OTOCR,84.416,154,24,0,1,154,1,154,6.91e-93,268
AAA59595.1,sp|P02186|MYG_ELEMA,83.766,154,25,0,1,154,1,154,6.99e-93,268
AAA59595.1,sp|P02191|MYG_CEREL,84.416,154,24,0,1,154,1,154,1.59e-92,268
AAA59595.1,sp|P02180|MYG_BALPH,82.468,154,27,0,1,154,1,154,1.78e-92,268
AAA59595.1,sp|P02187|MYG_LOXAF,83.766,154,25,0,1,154,1,154,3.43e-92,267
AAA59595.1,sp|P02192|MYG_BOVIN,83.766,154,25,0,1,154,1,154,1.54e-91,265
AAA59595.1,sp|Q2MJN4|MYG_BOSMU,83.766,154,25,0,1,154,1,154,1.54e-91,265
AAA59595.1,sp|P86873|MYG_BISBI,83.766,154,25,0,1,154,1,154,1.54e-91,265
AAA59595.1,sp|Q9QZ76|MYG_RAT,82.468,154,27,0,1,154,1,154,2.55e-91,265
AAA59595.1,sp|B7U9B5|MYG_CAPHI,83.766,154,25,0,1,154,1,154,3.96e-91,264
AAA59595.1,sp|P02195|MYG_TACAC,83.117,154,26,0,1,154,1,154,1.34e-90,263
AAA59595.1,sp|P04247|MYG_MOUSE,83.117,154,26,0,1,154,1,154,2.31e-90,262
AAA59595.1,sp|P02196|MYG_ORNAN,83.117,154,26,0,1,154,1,154,3.63e-90,261
AAA59595.1,sp|P84997|MYG_BUBBU,82.468,154,27,0,1,154,1,154,6.01e-90,261
AAA59595.1,sp|P30562|MYG_PUSSI,81.818,154,28,0,1,154,1,154,5.39e-89,259
AAA59595.1,sp|P83682|MYG_DELLE,80.519,154,30,0,1,154,1,154,4.89e-86,251
AAA59595.1,sp|Q7LZM3|MYG_PHACT,74.026,154,40,0,1,154,1,154,3.89e-83,244
AAA59595.1,sp|G1NJB6|MYG_MELGA,75.974,154,37,0,1,154,1,154,1.13e-82,243
AAA59595.1,sp|P02197|MYG_CHICK,75.974,154,37,0,1,154,1,154,1.13e-82,243
AAA59595.1,sp|Q7LZM2|MYG_ANAPO,74.026,154,40,0,1,154,1,154,4.10e-81,239
AAA59595.1,sp|Q7LZM5|MYG_AETPY,72.078,154,43,0,1,154,1,154,2.83e-80,236
AAA59595.1,sp|Q7LZM1|MYG_URILO,72.078,154,43,0,1,154,1,154,1.92e-79,234
AAA59595.1,sp|Q7LZM4|MYG_CERMN,71.429,154,44,0,1,154,1,154,2.10e-79,234
AAA59595.1,sp|P02203|MYG_VARVA,71.429,154,44,0,1,154,1,154,2.24e-79,234
AAA59595.1,sp|P85077|MYG_STRCA,72.078,154,43,0,1,154,1,154,2.53e-79,234
AAA59595.1,sp|P02199|MYG_APTFO,71.429,154,43,1,1,154,1,153,1.01e-78,233
AAA59595.1,sp|P86874|MYG_DRONO,71.429,154,44,0,1,154,1,154,2.79e-77,229
AAA59595.1,sp|P02201|MYG_GRAGE,69.481,154,47,0,1,154,1,154,2.64e-76,226
AAA59595.1,sp|P56208|MYG_CARCR,68.831,154,48,0,1,154,1,154,1.15e-75,225
AAA59595.1,sp|P02202|MYG_CHEMY,68.182,154,49,0,1,154,1,154,1.72e-74,222
AAA59595.1,sp|P02200|MYG_ALLMI,64.935,154,54,0,1,154,1,154,1.32e-72,217
AAA59595.1,sp|Q7M3C1|MYG_AILME,88.608,79,6,1,2,80,1,76,2.11e-40,134
AAA59595.1,sp|Q9DGJ0|MYG_SARCH,46.980,149,76,2,6,154,2,147,4.45e-38,129
AAA59595.1,sp|Q9DGJ1|MYG_MAKNI,48.344,151,71,3,6,154,2,147,2.54e-37,127
AAA59595.1,sp|P02206|MYG_HETPO,43.243,148,83,1,7,154,3,149,1.64e-36,125
AAA59595.1,sp|P02205|MYG_THUAL,45.270,148,78,2,7,154,3,147,3.45e-35,122
AAA59595.1,sp|Q6I7B0|MYG_AUXRO,45.333,150,75,3,7,154,3,147,3.97e-35,122
AAA59595.1,sp|P68189|MYG_THUTH,45.270,148,78,2,7,154,3,147,7.72e-35,121
AAA59595.1,sp|P68190|MYG_THUOR,45.270,148,78,2,7,154,3,147,7.72e-35,121
AAA59595.1,sp|Q76G09|MYG_THUOB,45.270,148,78,2,7,154,3,147,7.72e-35,121
AAA59595.1,sp|Q9DGJ2|MYG_THUAA,43.919,148,80,2,7,154,3,147,1.00e-34,121
AAA59595.1,sp|P14399|MYG_MUSAN,40.541,148,87,1,7,154,3,149,1.09e-34,121
AAA59595.1,sp|Q9DEN9|MYG_GOBGI,44.667,150,76,3,6,153,2,146,1.17e-34,121
AAA59595.1,sp|Q9DGI9|MYG_SCOJP,45.270,148,78,2,7,154,3,147,2.45e-34,120
AAA59595.1,sp|P02204|MYG_CYPCA,43.836,146,79,2,9,154,5,147,4.96e-34,119
AAA59595.1,sp|Q9DEP0|MYG_CRYAN,44.667,150,76,3,6,153,2,146,7.83e-34,119
AAA59595.1,sp|Q7T044|MYG_CHARH,44.667,150,76,3,6,153,2,146,7.83e-34,119
AAA59595.1,sp|Q9DEN8|MYG_NOTNE,44.000,150,77,3,6,153,2,146,9.02e-34,119
AAA59595.1,sp|P87497|MYG_CHIRA,44.000,150,77,3,6,153,2,146,9.43e-34,119
AAA59595.1,sp|Q9DEP1|MYG_PSEGE,44.000,150,77,3,6,153,2,146,1.04e-33,118
AAA59595.1,sp|Q701N9|MYG_TETNG,44.000,150,77,3,6,153,2,146,1.58e-33,118
AAA59595.1,sp|P14397|MYG_GALGA,40.268,149,88,1,6,154,2,149,2.44e-32,115
AAA59595.1,sp|Q9DGI8|MYG_KATPE,45.890,146,71,3,11,154,7,146,3.54e-32,114
AAA59595.1,sp|Q6VN46|MYG_DANRE,42.466,146,81,2,9,154,5,147,4.28e-32,114
AAA59595.1,sp|P14398|MYG_HEMJP,40.268,149,88,1,6,154,2,149,5.88e-32,114
AAA59595.1,sp|P13787|HBAZ_HORSE,30.872,149,95,3,1,148,1,142,5.81e-19,80.9
AAA59595.1,sp|Q575T0|CYGB1_ORYLA,26.144,153,110,1,3,152,17,169,2.29e-18,80.1
AAA59595.1,sp|P13786|HBAZ_CAPHI,29.530,149,97,3,1,148,1,142,6.04e-17,75.5
AAA59595.1,sp|Q575S9|CYGB2_ORYLA,27.451,153,108,1,3,152,19,171,8.87e-16,73.6
AAA59595.1,sp|P06347|HBAZ_PANTR,28.188,149,99,3,1,148,1,142,1.26e-15,72.4
AAA59595.1,sp|Q921A4|CYGB_RAT,28.000,150,105,1,6,152,22,171,1.71e-15,73.2
AAA59595.1,sp|P02008|HBAZ_HUMAN,28.188,149,99,3,1,148,1,142,2.17e-15,71.6
AAA59595.1,sp|Q8WWM9|CYGB_HUMAN,28.000,150,105,1,6,152,22,171,3.36e-15,72.4
AAA59595.1,sp|Q9CX80|CYGB_MOUSE,27.333,150,106,1,6,152,22,171,3.62e-15,72.0
AAA59595.1,sp|Q8UUR3|CYGB1_DANRE,26.115,157,112,2,2,154,15,171,1.76e-14,70.1
AAA59595.1,sp|P02007|HBPI_CHICK,28.859,149,98,3,1,148,1,142,1.81e-14,69.3
AAA59595.1,sp|P02009|HBAZ_PIG,28.378,148,98,3,2,148,1,141,8.11e-14,67.4
AAA59595.1,sp|P06467|HBAZ_MOUSE,25.503,149,103,3,1,148,1,142,1.65e-13,66.6
AAA59595.1,sp|O12985|HBAD_COLLI,30.137,146,95,2,3,148,2,140,5.66e-13,65.1
AAA59595.1,sp|P04243|HBPI_CAIMO,26.846,149,101,3,1,148,1,142,5.72e-13,65.5
AAA59595.1,sp|P02011|HBA3_LITCT,29.452,146,97,1,3,148,2,141,7.38e-13,65.1
AAA59595.1,sp|P06638|HBA5_XENLA,29.730,148,98,1,1,148,1,142,8.38e-13,64.7
AAA59595.1,sp|P11896|HBA3_PLEWA,29.730,148,98,1,1,148,1,142,8.56e-13,64.7
AAA59595.1,sp|Q575S8|CYGB2_DANRE,23.529,153,114,1,3,152,19,171,1.21e-12,65.5
AAA59595.1,sp|P01941|HBA_TUPGL,27.397,146,100,1,3,148,2,141,3.32e-12,63.2
AAA59595.1,sp|P01977|HBA1_TACAC,29.932,147,95,3,3,148,2,141,3.57e-12,63.2
AAA59595.1,sp|Q7LZB9|HBB_STROE,25.899,139,101,1,9,147,9,145,7.63e-12,62.4
AAA59595.1,sp|P01979|HBA_ORNAN,29.452,146,97,1,3,148,2,141,8.33e-12,62.4
AAA59595.1,sp|P11342|HBB_COLLI,25.180,139,102,1,9,147,9,145,1.08e-11,62.0
AAA59595.1,sp|P01978|HBA2_TACAC,28.082,146,99,1,3,148,2,141,1.27e-11,61.6
AAA59595.1,sp|Q10732|HBA_CARCR,27.211,147,99,3,3,148,2,141,1.41e-11,61.6
AAA59595.1,sp|P07036|HBB_CHLME,26.619,139,100,1,9,147,9,145,2.94e-11,60.8
AAA59595.1,sp|P80216|HBB_APTFO,27.778,144,102,1,4,147,4,145,3.75e-11,60.5
AAA59595.1,sp|P68945|HBB_CYGOL,26.619,139,100,1,9,147,9,145,4.34e-11,60.5
AAA59595.1,sp|P68944|HBB_BRACA,26.619,139,100,1,9,147,9,145,4.34e-11,60.5
AAA59595.1,sp|P08261|HBB_CHRRI,26.619,139,100,1,9,147,9,145,5.08e-11,60.5
AAA59595.1,sp|P83479|HBAC_CONCO,27.027,148,103,1,1,148,1,143,5.49e-11,60.1
AAA59595.1,sp|P02093|HBB_ONDZI,30.597,134,91,1,3,136,3,134,5.53e-11,60.1
AAA59595.1,sp|P14260|HBB_CAIMO,26.619,139,100,1,9,147,10,146,7.41e-11,59.7
AAA59595.1,sp|P01965|HBA_PIG,29.530,149,93,3,3,148,2,141,8.30e-11,59.7
AAA59595.1,sp|P22742|HBB_FRAPO,26.619,139,100,1,9,147,9,145,9.25e-11,59.7
AAA59595.1,sp|P02120|HBB_ANSSE,26.619,139,100,1,9,147,9,145,1.03e-10,59.3
AAA59595.1,sp|P08422|HBA3_XENTR,28.378,148,100,1,1,148,1,142,1.12e-10,59.3
AAA59595.1,sp|P02115|HBB_ANAPP,25.899,139,101,1,9,147,9,145,1.25e-10,59.3
AAA59595.1,sp|P02059|HBB_ERIEU,28.276,145,102,1,3,147,3,145,1.32e-10,59.3
AAA59595.1,sp|P21668|HBB_PSIKR,26.619,139,100,1,9,147,9,145,2.03e-10,58.5
AAA59595.1,sp|P02122|HBB_AQUCH,26.619,139,100,1,9,147,9,145,2.08e-10,58.5
AAA59595.1,sp|P84206|HBBA_GYMUN,26.897,145,103,2,4,147,4,146,2.09e-10,58.5
AAA59595.1,sp|P02118|HBB_ANSIN,25.899,139,101,1,9,147,9,145,2.28e-10,58.5
AAA59595.1,sp|P02111|HBB_ORNAN,31.818,132,88,1,3,134,3,132,2.36e-10,58.5
AAA59595.1,sp|P02022|HBAM_LITCT,31.111,135,80,3,2,136,1,122,3.02e-10,57.8
AAA59595.1,sp|P23740|HBA_LATCH,28.378,148,99,3,2,148,1,142,3.12e-10,58.2
AAA59595.1,sp|P08851|HBB_ACCGE,26.619,139,100,1,9,147,9,145,3.13e-10,58.2
AAA59595.1,sp|P02113|HBB_PHACO,25.899,139,101,1,9,147,9,145,3.16e-10,58.2
AAA59595.1,sp|P68062|HBB_TRIOC,26.619,139,100,1,9,147,9,145,3.51e-10,58.2
AAA59595.1,sp|P68063|HBB_GYPRU,26.619,139,100,1,9,147,9,145,3.51e-10,58.2
AAA59595.1,sp|P68061|HBB_AEGMO,26.619,139,100,1,9,147,9,145,3.51e-10,58.2
AAA59595.1,sp|P10058|HBB_EUDCH,25.899,139,101,1,9,147,9,145,3.58e-10,58.2
AAA59595.1,sp|P82113|HBB_STEMC,25.899,139,101,1,9,147,9,145,3.66e-10,58.2
AAA59595.1,sp|P02124|HBB_RHEAM,25.899,139,101,1,9,147,9,145,3.90e-10,57.8
AAA59595.1,sp|P02114|HBB_ANAPL,25.899,139,101,1,9,147,10,146,4.01e-10,57.8
AAA59595.1,sp|P02121|HBB_PHORB,25.899,139,101,1,9,147,9,145,4.11e-10,57.8
AAA59595.1,sp|P51465|HBAB_LITCT,27.703,148,101,2,1,148,1,142,4.22e-10,57.8
AAA59595.1,sp|P02116|HBB_ARAAR,25.899,139,101,1,9,147,9,145,4.37e-10,57.8
AAA59595.1,sp|P19015|HBA_HIPAM,28.082,146,99,1,3,148,2,141,4.46e-10,57.8
AAA59595.1,sp|P02126|HBB_STUVU,25.899,139,101,1,9,147,9,145,4.56e-10,57.8
AAA59595.1,sp|P10782|HBB_PHACA,26.619,139,100,1,9,147,9,145,4.80e-10,57.8
AAA59595.1,sp|P30893|HBB_COTJA,25.899,139,101,1,9,147,9,145,4.85e-10,57.8
AAA59595.1,sp|P07411|HBB_VULGR,26.619,139,100,1,9,147,9,145,5.92e-10,57.4
AAA59595.1,sp|P02112|HBB_CHICK,25.899,139,101,1,9,147,10,146,6.10e-10,57.4
AAA59595.1,sp|P14387|HBA_ANTPA,27.703,148,101,1,1,148,1,142,6.63e-10,57.4
AAA59595.1,sp|P06636|HBA3_XENLA,28.378,148,100,1,1,148,1,142,6.99e-10,57.4
AAA59595.1,sp|P01928|HBA_SAPAP,27.027,148,102,1,1,148,1,142,7.21e-10,57.0
AAA59595.1,sp|P02140|HBB_CARAU,25.517,145,105,2,4,147,4,146,7.52e-10,57.4
AAA59595.1,sp|P14524|HBB_TURME,25.899,139,101,1,9,147,9,145,7.78e-10,57.0
AAA59595.1,sp|P06637|HBA4_XENLA,27.703,148,101,1,1,148,1,142,8.01e-10,57.0
AAA59595.1,sp|P13273|HBA_CHRPI,27.211,147,99,3,3,148,2,141,9.19e-10,57.0
AAA59595.1,sp|P68031|HBG_ALOCA,26.277,137,99,1,11,147,12,146,9.36e-10,57.0
AAA59595.1,sp|P68030|HBG_ALOBE,26.277,137,99,1,11,147,12,146,9.36e-10,57.0
AAA59595.1,sp|P02125|HBB_CICCI,26.619,139,100,1,9,147,9,145,1.05e-09,57.0
AAA59595.1,sp|P82316|HBBC_HOPLI,26.897,145,104,1,3,147,3,145,1.05e-09,57.0
AAA59595.1,sp|P02110|HBB_TACAC,28.276,145,102,1,3,147,4,146,1.06e-09,57.0
AAA59595.1,sp|P83132|HBA2_ALDGI,26.846,149,101,3,1,148,1,142,1.06e-09,56.6
AAA59595.1,sp|P07406|HBB_PASMO,25.899,139,101,1,9,147,9,145,1.06e-09,56.6
AAA59595.1,sp|P86390|HBB2_IGUIG,25.899,139,101,1,9,147,9,145,1.21e-09,56.6
AAA59595.1,sp|P02117|HBB_ANSAN,25.180,139,102,1,9,147,9,145,1.23e-09,56.6
AAA59595.1,sp|P82112|HBA2_STEMC,27.703,148,97,5,3,148,2,141,1.25e-09,56.6
AAA59595.1,sp|P62741|HBG1_GORGO,25.547,137,100,1,11,147,12,146,1.25e-09,56.6
AAA59595.1,sp|P21197|GLB1_MORMR,27.778,126,85,2,3,125,12,134,1.27e-09,56.6
AAA59595.1,sp|P07421|HBA_CEBCA,26.712,146,101,1,3,148,2,141,1.29e-09,56.6
AAA59595.1,sp|P68070|HBG_LAGLA,26.277,137,99,1,11,147,12,146,1.32e-09,56.6
AAA59595.1,sp|P68071|HBG_BRAAR,26.277,137,99,1,11,147,12,146,1.32e-09,56.6
AAA59595.1,sp|P68069|HBG_ATEPA,26.277,137,99,1,11,147,12,146,1.32e-09,56.6
AAA59595.1,sp|P68068|HBG_ATEGE,26.277,137,99,1,11,147,12,146,1.32e-09,56.6
AAA59595.1,sp|P85081|HBA1_LIPTU,25.000,148,106,1,1,148,1,143,1.48e-09,56.2
AAA59595.1,sp|P15165|HBB_APUAP,26.619,139,100,1,9,147,9,145,1.50e-09,56.2
AAA59595.1,sp|P61947|HBG1_HYLLA,25.547,137,100,1,11,147,12,146,1.51e-09,56.2
AAA59595.1,sp|P67817|HBA_ATEGE,27.027,148,102,1,1,148,1,142,1.68e-09,56.2
AAA59595.1,sp|P86919|HBB_CROSI,26.241,141,102,1,7,147,7,145,1.70e-09,56.2
AAA59595.1,sp|P08853|HBB_MARMA,28.767,146,100,2,3,147,3,145,1.72e-09,56.2
AAA59595.1,sp|Q95238|HBE_PROVE,26.277,137,99,1,11,147,12,146,1.79e-09,56.2
AAA59595.1,sp|B3EWD6|HBB_PERCA,28.966,145,101,1,3,147,3,145,1.83e-09,56.2
AAA59595.1,sp|P30892|HBAD_COTJA,26.531,147,100,3,3,148,2,141,1.91e-09,55.8
AAA59595.1,sp|P02094|HBB_MESAU,28.966,145,101,1,3,147,4,146,1.95e-09,56.2
AAA59595.1,sp|P61948|HBG2_HYLLA,25.547,137,100,1,11,147,12,146,2.21e-09,55.8
AAA59595.1,sp|P84792|HBB_AYTFU,24.460,139,103,1,9,147,10,146,2.37e-09,55.8
AAA59595.1,sp|Q9TS35|HBA1_HYLLA,28.188,149,99,3,1,148,1,142,2.53e-09,55.8
AAA59595.1,sp|P10781|HBAD_PHACA,29.167,144,92,5,7,148,6,141,2.54e-09,55.8
AAA59595.1,sp|P86391|HBB2_AMBCR,25.899,139,101,1,9,147,9,145,2.81e-09,55.8
AAA59595.1,sp|P83271|HBA2_ANAMI,23.649,148,108,1,1,148,1,143,3.15e-09,55.5
AAA59595.1,sp|P83478|HBBC_CONCO,23.611,144,108,1,4,147,4,145,3.19e-09,55.5
AAA59595.1,sp|P14523|HBAD_TURME,23.913,138,99,1,11,148,10,141,3.47e-09,55.5
AAA59595.1,sp|P02123|HBB_STRCA,25.180,139,102,1,9,147,9,145,3.73e-09,55.5
AAA59595.1,sp|P86882|HBA_LYCRE,23.810,147,107,1,2,148,1,142,3.77e-09,55.1
AAA59595.1,sp|P02010|HBA_VIPAS,27.211,147,99,3,3,148,2,141,4.32e-09,55.1
AAA59595.1,sp|P02097|HBG_MACNE,24.818,137,101,1,11,147,11,145,4.40e-09,55.1
AAA59595.1,sp|P02101|HBE_PIG,26.619,139,100,2,9,147,10,146,4.44e-09,55.1
AAA59595.1,sp|P56285|HBG_ALOSE,26.277,137,99,1,11,147,12,146,4.82e-09,55.1
AAA59595.1,sp|Q28338|HBE_CHEME,25.547,137,100,1,11,147,12,146,5.03e-09,55.1
AAA59595.1,sp|P01998|HBA_CRONI,25.850,147,101,3,3,148,2,141,5.38e-09,54.7
AAA59595.1,sp|Q28356|HBE_DAUMA,24.818,137,101,1,11,147,12,146,5.46e-09,55.1
AAA59595.1,sp|P02000|HBA_CAICR,25.342,146,103,1,3,148,2,141,5.50e-09,54.7
AAA59595.1,sp|P04246|HBT_PIG,24.460,139,103,1,9,147,9,145,5.60e-09,55.1
AAA59595.1,sp|P67818|HBA_SAGOE,26.712,146,101,1,3,148,2,141,5.85e-09,54.7
AAA59595.1,sp|Q9GLX4|HBG1_PLEMO,25.547,137,100,1,11,147,12,146,5.94e-09,54.7
AAA59595.1,sp|P02095|HBB_CAVPO,26.897,145,104,1,3,147,3,145,6.41e-09,54.7
AAA59595.1,sp|P0C237|HBA_ARTOR,24.324,148,107,1,1,148,1,143,6.53e-09,54.7
AAA59595.1,sp|P68256|HBG1_SAPAP,25.547,137,100,1,11,147,12,146,6.73e-09,54.7
AAA59595.1,sp|Q28221|HBG1_CEBAL,25.547,137,100,1,11,147,12,146,6.73e-09,54.7
AAA59595.1,sp|P08223|HBE_EULFU,25.547,137,100,1,11,147,12,146,6.80e-09,54.7
AAA59595.1,sp|P06890|HBAT_PONPY,25.000,148,105,2,1,148,1,142,7.19e-09,54.7
AAA59595.1,sp|P02127|HBRH_CHICK,25.180,139,102,1,9,147,10,146,7.24e-09,54.7
AAA59595.1,sp|B0M2T2|HBA_CROSI,25.850,147,101,3,3,148,2,141,7.29e-09,54.3
AAA59595.1,sp|P18707|HBB_MESBR,28.966,145,101,1,3,147,3,145,7.65e-09,54.7
AAA59595.1,sp|Q27940|HBG_AOTAZ,25.547,137,100,1,11,147,12,146,7.79e-09,54.7
AAA59595.1,sp|Q7M3B6|HBA_SAGMY,26.712,146,101,1,3,148,2,141,7.92e-09,54.3
AAA59595.1,sp|P0C0U8|HBB1_DRYME,25.362,138,99,3,11,147,11,145,7.97e-09,54.3
AAA59595.1,sp|P68257|HBG2_SAPAP,25.547,137,100,1,11,147,12,146,8.12e-09,54.3
AAA59595.1,sp|P68258|HBG2_CEBAL,25.547,137,100,1,11,147,12,146,8.12e-09,54.3
AAA59595.1,sp|P02108|HBB_POTTR,27.586,145,103,1,3,147,3,145,8.58e-09,54.3
AAA59595.1,sp|Q9TS34|HBA2_HYLLA,27.027,148,102,1,1,148,1,142,8.77e-09,54.3
AAA59595.1,sp|P01946|HBA_RAT,28.188,149,99,3,1,148,1,142,9.05e-09,54.3
AAA59595.1,sp|P55267|HBAC_LITCT,25.676,148,104,1,1,148,1,142,9.34e-09,54.3
AAA59595.1,sp|P18993|HBB1_VARAL,24.823,141,104,1,7,147,7,145,9.52e-09,54.3
AAA59595.1,sp|Q28496|HBE_MICMU,25.547,137,100,1,11,147,12,146,9.69e-09,54.3
AAA59595.1,sp|P0C238|HBA_POGSC,24.324,148,107,1,1,148,1,143,1.02e-08,54.3
AAA59595.1,sp|Q9DF25|HBAD_CHECB,27.891,147,98,3,3,148,2,141,1.04e-08,53.9
AAA59595.1,sp|P20244|HBA1_TORMA,28.767,146,98,2,3,148,2,141,1.04e-08,53.9
AAA59595.1,sp|P04443|HBB0_MOUSE,29.839,124,85,1,11,134,12,133,1.04e-08,54.3
AAA59595.1,sp|P10777|HBA1_NOTNE,24.490,147,106,1,2,148,1,142,1.08e-08,53.9
AAA59595.1,sp|P83135|HBAA_CHENI,26.846,149,101,3,1,148,1,142,1.10e-08,53.9
AAA59595.1,sp|P09421|HBB_SPECI,27.586,145,103,1,3,147,3,145,1.17e-08,53.9
AAA59595.1,sp|P04242|HBAD_STRCA,26.531,147,100,3,3,148,2,141,1.21e-08,53.9
AAA59595.1,sp|P02004|HBAD_STUVU,23.571,140,101,1,9,148,8,141,1.31e-08,53.9
AAA59595.1,sp|P80945|HBAA_ANGAN,23.649,148,108,1,1,148,1,143,1.31e-08,53.9
AAA59595.1,sp|P81024|HBAD_MELGA,26.531,147,100,3,3,148,2,141,1.32e-08,53.9
AAA59595.1,sp|Q90487|HBA_DANRE,24.324,148,107,1,1,148,1,143,1.34e-08,53.9
AAA59595.1,sp|P02130|HBB_ALLMI,22.695,141,107,1,7,147,7,145,1.38e-08,53.9
AAA59595.1,sp|P21198|GLB2_MORMR,26.190,126,87,2,3,125,12,134,1.39e-08,53.9
AAA59595.1,sp|P02102|HBE1_CAPHI,25.547,137,100,1,11,147,12,146,1.47e-08,53.9
AAA59595.1,sp|Q28779|HBG1_PANPA,24.818,137,101,1,11,147,12,146,1.50e-08,53.9
AAA59595.1,sp|P83131|HBA1_ALDGI,26.846,149,101,3,1,148,1,142,1.51e-08,53.5
AAA59595.1,sp|P01942|HBA_MOUSE,26.351,148,103,1,1,148,1,142,1.54e-08,53.5
AAA59595.1,sp|P02003|HBAD_CAIMO,26.531,147,100,3,3,148,2,141,1.59e-08,53.5
AAA59595.1,sp|P61920|HBG1_PANTR,24.818,137,101,1,11,147,12,146,1.63e-08,53.5
AAA59595.1,sp|P69891|HBG1_HUMAN,24.818,137,101,1,11,147,12,146,1.63e-08,53.5
AAA59595.1,sp|P07405|HBA_FELCA,26.531,147,100,3,3,148,2,141,1.66e-08,53.5
AAA59595.1,sp|P01937|HBA_NYCCO,27.211,147,99,3,3,148,2,141,1.68e-08,53.5
AAA59595.1,sp|P18995|HBG1_PONPY,24.818,137,101,1,11,147,12,146,1.75e-08,53.5
AAA59595.1,sp|P13274|HBB_CHRPI,25.899,139,101,1,9,147,9,145,1.76e-08,53.5
AAA59595.1,sp|P85083|HBA2_COTGO,25.676,148,105,1,1,148,1,143,1.78e-08,53.5
AAA59595.1,sp|P68079|HBG_PAPCY,24.818,137,101,1,11,147,12,146,1.86e-08,53.5
AAA59595.1,sp|P68077|HBG_MACMU,24.818,137,101,1,11,147,12,146,1.86e-08,53.5
AAA59595.1,sp|P68078|HBG_MACFU,24.818,137,101,1,11,147,12,146,1.86e-08,53.5
AAA59595.1,sp|P83613|HBA2_GOBGI,25.170,147,105,1,2,148,1,142,1.94e-08,53.5
AAA59595.1,sp|P02001|HBAD_CHICK,26.531,147,100,3,3,148,2,141,1.96e-08,53.1
AAA59595.1,sp|P02104|HBE_MOUSE,28.000,125,88,1,10,134,11,133,1.96e-08,53.5
AAA59595.1,sp|P19759|HBE_OTOCR,24.638,138,102,1,10,147,11,146,1.98e-08,53.5
AAA59595.1,sp|P41327|HBA_LYNLY,25.342,146,103,1,3,148,2,141,2.02e-08,53.1
AAA59595.1,sp|P18972|HBA_MICAD,26.027,146,102,1,3,148,2,141,2.11e-08,53.1
AAA59595.1,sp|P84609|HBA1_GADMO,27.612,134,92,1,1,134,1,129,2.12e-08,53.1
AAA59595.1,sp|P02129|HBB_CRONI,25.532,141,103,1,7,147,7,145,2.14e-08,53.1
AAA59595.1,sp|P18435|HBE_CARSF,25.547,137,100,1,11,147,12,146,2.27e-08,53.1
AAA59595.1,sp|P02142|HBB1_ONCMY,24.306,144,107,1,4,147,4,145,2.30e-08,53.1
AAA59595.1,sp|P02088|HBB1_MOUSE,28.276,145,102,1,3,147,4,146,2.34e-08,53.1
AAA59595.1,sp|P04239|HBAD_ANSIN,26.531,147,100,3,3,148,2,141,2.42e-08,53.1
AAA59595.1,sp|P09967|GLB1_PETMA,24.409,127,90,2,2,125,11,134,2.52e-08,53.1
AAA59595.1,sp|Q45XH3|HBE_BRATR,27.007,137,98,1,11,147,12,146,2.60e-08,53.1
AAA59595.1,sp|P84791|HBAD_AYTFU,26.531,147,100,3,3,148,2,141,2.68e-08,53.1
AAA59595.1,sp|P63106|HBA_CAMDR,26.667,150,96,3,3,148,2,141,2.76e-08,52.8
AAA59595.1,sp|P63105|HBA_CAMBA,26.667,150,96,3,3,148,2,141,2.76e-08,52.8
AAA59595.1,sp|P20018|HBA1_VARVI,24.658,146,104,1,3,148,2,141,2.82e-08,52.8
AAA59595.1,sp|P02089|HBB2_MOUSE,28.276,145,102,1,3,147,4,146,2.85e-08,53.1
AAA59595.1,sp|P06635|HBA_PONPY,27.517,149,100,3,1,148,1,142,2.87e-08,52.8
AAA59595.1,sp|P11517|HBB2_RAT,28.276,145,102,1,3,147,4,146,2.91e-08,53.1
AAA59595.1,sp|P01973|HBA_LAMGL,26.000,150,97,3,3,148,2,141,2.94e-08,52.8
AAA59595.1,sp|P15164|HBAD_APUAP,25.170,147,102,3,3,148,2,141,3.00e-08,52.8
AAA59595.1,sp|B3EWD4|HBB_PERCR,27.586,145,103,1,3,147,3,145,3.05e-08,52.8
AAA59595.1,sp|P07425|HBA_LAMVI,26.667,150,96,3,3,148,2,141,3.07e-08,52.8
AAA59595.1,sp|P29624|HBA1_NOTAN,23.810,147,107,1,2,148,1,142,3.16e-08,52.8
AAA59595.1,sp|P61921|HBG2_PANTR,24.818,137,101,1,11,147,12,146,3.23e-08,52.8
AAA59595.1,sp|P69892|HBG2_HUMAN,24.818,137,101,1,11,147,12,146,3.23e-08,52.8
AAA59595.1,sp|P62742|HBG2_GORGO,24.818,137,101,1,11,147,12,146,3.23e-08,52.8
AAA59595.1,sp|P09105|HBAT_HUMAN,24.324,148,106,2,1,148,1,142,3.29e-08,52.8
AAA59595.1,sp|P02067|HBB_PIG,26.897,145,104,1,3,147,4,146,3.44e-08,52.8
AAA59595.1,sp|P02002|HBAD_PHACO,25.000,140,99,1,9,148,8,141,3.51e-08,52.8
AAA59595.1,sp|P21379|HBA_RANTA,29.333,150,92,5,3,148,2,141,3.62e-08,52.8
AAA59595.1,sp|P26915|HBA_NASNA,25.850,147,101,3,3,148,2,141,3.74e-08,52.8
AAA59595.1,sp|P84653|HBA1_COTGO,23.649,148,108,1,1,148,1,143,3.91e-08,52.8
AAA59595.1,sp|P01938|HBA_LORTA,27.211,147,99,3,3,148,2,141,4.02e-08,52.4
AAA59595.1,sp|Q9GJS7|HBG_CALJA,24.818,137,101,1,11,147,12,146,4.06e-08,52.8
AAA59595.1,sp|P63109|HBA_PANON,25.000,148,105,1,1,148,1,142,4.18e-08,52.4
AAA59595.1,sp|P11025|HBE_DIDVI,26.772,127,91,1,11,137,12,136,4.37e-08,52.4
AAA59595.1,sp|P02132|HBB1_XENLA,32.407,108,70,2,1,107,1,106,4.62e-08,52.4
AAA59595.1,sp|P01949|HBA_ERIEU,27.891,147,98,3,3,148,2,141,5.00e-08,52.4
AAA59595.1,sp|Q7M2Y4|HBA_CHAMP,26.027,146,102,1,3,148,2,141,5.21e-08,52.4
AAA59595.1,sp|P02207|GLB_LAMFL,22.764,123,92,1,3,122,12,134,5.25e-08,52.4
AAA59595.1,sp|P18974|HBA1_IGUIG,25.342,146,103,1,3,148,2,141,5.43e-08,52.0
AAA59595.1,sp|P07410|HBB_UROTO,26.207,145,105,1,3,147,3,145,5.62e-08,52.4
AAA59595.1,sp|P02018|HBA_CARAU,24.658,146,105,1,3,148,2,142,5.64e-08,52.0
AAA59595.1,sp|P01971|HBA_ALCAA,28.947,152,94,5,1,148,1,142,5.64e-08,52.0
AAA59595.1,sp|P10883|HBA_PANTS,24.658,146,104,1,3,148,2,141,5.84e-08,52.0
AAA59595.1,sp|P67816|HBA_VICPA,26.000,150,97,3,3,148,2,141,5.96e-08,52.0
AAA59595.1,sp|P67815|HBA_LAMGU,26.000,150,97,3,3,148,2,141,5.96e-08,52.0
AAA59595.1,sp|P07432|HBB1_XENBO,32.407,108,70,2,1,107,1,106,6.11e-08,52.0
AAA59595.1,sp|P08423|HBB2_XENTR,26.613,124,89,1,11,134,12,133,6.15e-08,52.0
AAA59595.1,sp|P18975|HBA_PANLE,25.000,148,105,1,1,148,1,142,6.46e-08,52.0
AAA59595.1,sp|P04238|HBAD_ANSAN,26.531,147,100,3,3,148,2,141,6.55e-08,52.0
AAA59595.1,sp|P02006|HBAD_PHRHI,26.712,146,101,1,3,148,2,141,6.69e-08,52.0
AAA59595.1,sp|P0CH26|HBA2_CAPHI,27.815,151,97,3,1,148,1,142,6.73e-08,52.0
AAA59595.1,sp|P20019|HBA2_VARVI,24.658,146,104,1,3,148,2,141,6.76e-08,52.0
AAA59595.1,sp|C0HJE0|HBA_PALPA,23.973,146,105,1,3,148,2,141,7.12e-08,52.0
AAA59595.1,sp|P01999|HBA_ALLMI,24.832,149,104,3,1,148,1,142,7.16e-08,52.0
AAA59595.1,sp|Q28931|HBE_SMICR,24.088,137,102,1,11,147,12,146,7.18e-08,52.0
AAA59595.1,sp|P10062|HBAD_SPHPU,26.712,146,101,1,3,148,2,141,7.19e-08,52.0
AAA59595.1,sp|P18996|HBG2_PONPY,24.088,137,102,1,11,147,12,146,7.25e-08,52.0
AAA59595.1,sp|P28780|HBA_TAPGE,26.712,146,101,1,3,148,2,141,7.98e-08,51.6
AAA59595.1,sp|P01936|HBA_EULFU,25.342,146,103,1,3,148,2,141,7.98e-08,51.6
AAA59595.1,sp|B3EWE1|HBA_BLABR,27.407,135,90,3,15,148,14,141,8.06e-08,51.6
AAA59595.1,sp|P08257|HBAD_GYPRU,25.170,147,102,3,3,148,2,141,8.14e-08,51.6
AAA59595.1,sp|Q98TS0|HBB_ONCNE,24.138,145,107,2,4,147,5,147,8.18e-08,52.0
AAA59595.1,sp|P01951|HBA_TALEU,26.866,134,92,1,15,148,14,141,8.85e-08,51.6
AAA59595.1,sp|P01963|HBA_CERSI,27.027,148,102,1,1,148,1,142,9.38e-08,51.6
AAA59595.1,sp|P01930|HBA_PILBA,26.351,148,103,1,1,148,1,142,9.68e-08,51.6
AAA59595.1,sp|P68236|HBA_URSTH,25.676,148,104,1,1,148,1,142,9.88e-08,51.6
AAA59595.1,sp|P68235|HBA_URSMA,25.676,148,104,1,1,148,1,142,9.88e-08,51.6
AAA59595.1,sp|P68237|HBA_HELMA,25.676,148,104,1,1,148,1,142,9.88e-08,51.6
AAA59595.1,sp|P08849|HBAD_ACCGE,25.170,147,102,3,3,148,2,141,1.04e-07,51.2
AAA59595.1,sp|P21199|GLB3_MORMR,25.000,116,81,2,11,123,20,132,1.08e-07,51.6
AAA59595.1,sp|P83623|HBA_PSEUR,22.449,147,109,1,2,148,1,142,1.08e-07,51.2
AAA59595.1,sp|P11748|HBA_THUTH,24.658,146,105,1,3,148,3,143,1.10e-07,51.2
AAA59595.1,sp|Q9I9I3|GLB2_PETMA,22.764,123,92,1,3,122,12,134,1.15e-07,51.6
AAA59595.1,sp|P83123|HBB_CHENI,24.460,139,103,1,9,147,10,146,1.16e-07,51.2
AAA59595.1,sp|P02141|HBB4_ONCMY,24.138,145,107,2,4,147,5,147,1.19e-07,51.2
AAA59595.1,sp|P02016|HBA_CYPCA,23.649,148,108,1,1,148,1,143,1.20e-07,51.2
AAA59595.1,sp|P01950|HBA_SUNMU,26.531,147,100,3,3,148,2,141,1.21e-07,51.2
AAA59595.1,sp|P68012|HBB_URSTH,26.897,145,104,1,3,147,3,145,1.23e-07,51.2
AAA59595.1,sp|P68011|HBB_URSMA,26.897,145,104,1,3,147,3,145,1.23e-07,51.2
AAA59595.1,sp|P68013|HBB_HELMA,26.897,145,104,1,3,147,3,145,1.23e-07,51.2
AAA59595.1,sp|P69907|HBA_PANTR,27.517,149,100,3,1,148,1,142,1.27e-07,51.2
AAA59595.1,sp|P69906|HBA_PANPA,27.517,149,100,3,1,148,1,142,1.27e-07,51.2
AAA59595.1,sp|P69905|HBA_HUMAN,27.517,149,100,3,1,148,1,142,1.27e-07,51.2
AAA59595.1,sp|P18976|HBA_PANPS,24.658,146,104,1,3,148,2,141,1.30e-07,51.2
AAA59595.1,sp|P07413|HBAD_PASMO,22.143,140,103,1,9,148,8,141,1.30e-07,51.2
AAA59595.1,sp|D0VX09|HBA_PTEGI,26.027,146,102,1,3,148,2,141,1.33e-07,51.2
AAA59595.1,sp|P07035|HBAD_CHLME,25.850,147,101,3,3,148,2,141,1.37e-07,51.2
AAA59595.1,sp|Q9TVA3|HBA2_EQUQB,28.188,149,99,3,1,148,1,142,1.43e-07,51.2
AAA59595.1,sp|P45719|HBA2_TRENE,24.490,147,106,1,2,148,1,142,1.45e-07,51.2
AAA59595.1,sp|P01948|HBA_RABIT,25.000,148,105,1,1,148,1,142,1.46e-07,50.8
AAA59595.1,sp|P01945|HBA_MESAU,25.373,134,94,1,15,148,14,141,1.50e-07,50.8
AAA59595.1,sp|P63110|HBA_PANPO,24.658,146,104,1,3,148,2,141,1.56e-07,50.8
AAA59595.1,sp|Q1AGS4|HBA2_ARCGL,25.676,148,105,1,1,148,1,143,1.65e-07,50.8
AAA59595.1,sp|P02084|HBB_ELEMA,25.850,147,107,1,1,147,1,145,1.67e-07,50.8
AAA59595.1,sp|P02105|HBE2_CAPHI,25.547,137,100,1,11,147,12,146,1.69e-07,50.8
AAA59595.1,sp|P11757|HBA_MYOVE,26.027,146,102,1,3,148,2,141,1.75e-07,50.8
AAA59595.1,sp|Q862A7|HBA_PIPAB,25.676,148,105,1,1,148,1,143,1.76e-07,50.8
AAA59595.1,sp|Q91473|HBB_SALSA,24.138,145,107,2,4,147,5,147,1.81e-07,50.8
AAA59595.1,sp|Q45XI9|HBD_ELEMA,25.850,147,107,1,1,147,2,146,1.82e-07,50.8
AAA59595.1,sp|P02208|GLB5_PETMA,22.764,123,92,1,3,122,12,134,1.83e-07,50.8
AAA59595.1,sp|P83270|HBA1_ANAMI,25.000,148,106,1,1,148,1,143,1.85e-07,50.8
AAA59595.1,sp|P80271|HBB_CHEKU,23.611,144,108,1,4,147,4,145,1.96e-07,50.8
AAA59595.1,sp|P02090|HBB_SPAEH,27.586,145,103,1,3,147,3,145,2.01e-07,50.8
AAA59595.1,sp|P04442|HBAD_ANAPL,25.170,147,102,3,3,148,2,141,2.13e-07,50.4
AAA59595.1,sp|Q9XSN3|HBA1_EQUQB,27.027,148,102,1,1,148,1,142,2.15e-07,50.4
AAA59595.1,sp|P01990|HBA_ANSIN,25.503,149,103,3,1,148,1,142,2.19e-07,50.4
AAA59595.1,sp|P15163|HBA_LEPWE,24.658,146,104,1,3,148,2,141,2.27e-07,50.4
AAA59595.1,sp|P04237|HBA_TRAST,27.612,134,91,1,15,148,13,140,2.33e-07,50.4
AAA59595.1,sp|P01940|HBA_CEPBA,25.342,146,103,1,3,148,2,141,2.49e-07,50.4
AAA59595.1,sp|B3EWE4|HBB_MICPE,26.897,145,104,1,3,147,3,145,2.52e-07,50.4
AAA59595.1,sp|Q45XH7|HBG_ELEMA,24.088,137,102,1,11,147,12,146,2.53e-07,50.4
AAA59595.1,sp|P21201|HBB_VULVU,26.207,145,105,1,3,147,3,145,2.60e-07,50.4
AAA59595.1,sp|P01923|HBA_GORGO,27.211,147,99,3,3,148,2,141,2.62e-07,50.4
AAA59595.1,sp|Q9TSN7|HBA1_BUBBU,29.605,152,93,5,1,148,1,142,2.67e-07,50.4
AAA59595.1,sp|Q98905|HBB_CHECB,24.460,139,103,1,9,147,10,146,2.69e-07,50.4
AAA59595.1,sp|P80270|HBA_CHEKU,21.088,147,111,1,2,148,1,142,2.81e-07,50.4
AAA59595.1,sp|P83134|HBAD_ALDGI,27.891,147,98,3,3,148,2,141,2.82e-07,50.1
AAA59595.1,sp|P14390|HBA_PTEPO,25.342,146,103,1,3,148,2,141,2.85e-07,50.1
AAA59595.1,sp|P02091|HBB1_RAT,27.586,145,103,1,3,147,4,146,2.87e-07,50.4
AAA59595.1,sp|Q9XSK1|HBA4_BUBBU,29.605,152,93,5,1,148,1,142,3.05e-07,50.1
AAA59595.1,sp|P10885|HBA_PTEBR,24.658,146,104,1,3,148,2,141,3.06e-07,50.1
AAA59595.1,sp|Q9PVM4|HBAA_SERQU,25.000,148,106,1,1,148,1,143,3.17e-07,50.1
AAA59595.1,sp|Q7M3B8|HBA1_HAPGR,23.288,146,105,1,3,148,2,140,3.17e-07,50.1
AAA59595.1,sp|P02103|HBE_RABIT,25.564,133,97,1,15,147,16,146,3.21e-07,50.1
AAA59595.1,sp|P41331|HBA_HYDGR,26.866,134,92,1,15,148,14,141,3.26e-07,50.1
AAA59595.1,sp|B3EWD5|HBA_PERCA,26.119,134,93,1,15,148,14,141,3.29e-07,50.1
AAA59595.1,sp|Q45XH8|HBG_LOXAF,24.088,137,102,1,11,147,12,146,3.31e-07,50.1
AAA59595.1,sp|P22743|HBB2_NAJNA,24.306,144,107,1,4,147,4,145,3.33e-07,50.1
AAA59595.1,sp|P60526|HBB_CHRBR,26.207,145,105,1,3,147,3,145,3.39e-07,50.1
AAA59595.1,sp|P60524|HBB_CANLF,26.207,145,105,1,3,147,3,145,3.39e-07,50.1
AAA59595.1,sp|P60525|HBB_CANLA,26.207,145,105,1,3,147,3,145,3.39e-07,50.1
AAA59595.1,sp|P68060|HBAD_TRIOC,25.170,147,102,3,3,148,2,141,3.61e-07,50.1
AAA59595.1,sp|P68059|HBAD_AEGMO,25.170,147,102,3,3,148,2,141,3.61e-07,50.1
AAA59595.1,sp|P80726|HBAC_ANGAN,25.000,148,106,1,1,148,1,143,3.77e-07,50.1
AAA59595.1,sp|P02005|HBAD_CHRPI,26.027,146,102,1,3,148,2,141,3.89e-07,49.7
AAA59595.1,sp|Q9TSN8|HBA2_BUBBU,28.947,152,94,5,1,148,1,142,3.95e-07,49.7
AAA59595.1,sp|P21667|HBB_VARVI,26.277,137,99,1,11,147,11,145,4.04e-07,50.1
AAA59595.1,sp|P0C227|GLB_NERAL,28.906,128,82,5,15,137,21,144,4.10e-07,50.1
AAA59595.1,sp|Q9PRL9|HBA1_NAJNA,23.288,146,106,1,3,148,2,141,4.13e-07,49.7
AAA59595.1,sp|P60530|HBA_CANLA,23.649,148,107,1,1,148,1,142,4.20e-07,49.7
AAA59595.1,sp|P04244|HBB_PANPO,26.897,145,104,1,3,147,4,146,4.33e-07,49.7
AAA59595.1,sp|P01932|HBA_THEGE,26.027,146,102,1,3,148,2,141,4.35e-07,49.7
AAA59595.1,sp|K7N5M5|HBA1_ELEMC,23.810,147,107,1,2,148,1,142,4.38e-07,49.7
AAA59595.1,sp|P14389|HBA_PTEAL,26.027,146,102,1,3,148,2,141,4.49e-07,49.7
AAA59595.1,sp|P01929|HBA_LEOFU,27.211,147,99,3,3,148,2,141,5.14e-07,49.7
AAA59595.1,sp|P09908|HBA_PHOVI,24.658,146,104,1,3,148,2,141,5.63e-07,49.3
AAA59595.1,sp|P14259|HBA1_OTOCR,26.667,150,100,3,1,148,1,142,5.79e-07,49.3
AAA59595.1,sp|P10059|HBA_SPHPU,25.170,147,102,3,3,148,2,141,5.81e-07,49.3
AAA59595.1,sp|P01939|HBA2_OTOCR,26.174,149,102,3,1,148,1,142,5.85e-07,49.3
AAA59595.1,sp|P01943|HBA_SPAEH,24.658,146,104,1,3,148,2,141,5.87e-07,49.3
AAA59595.1,sp|P01935|HBA3_PANTR,26.531,147,100,3,3,148,2,141,5.99e-07,49.3
AAA59595.1,sp|P01961|HBA_EQUHE,27.517,149,100,3,1,148,1,142,6.09e-07,49.3
AAA59595.1,sp|P80727|HBBC_ANGAN,22.917,144,109,1,4,147,4,145,6.17e-07,49.3
AAA59595.1,sp|P01934|HBA3_GORGO,26.531,147,100,3,3,148,2,141,6.18e-07,49.3
AAA59595.1,sp|P68027|HBE_CEBPY,24.194,124,92,1,11,134,12,133,6.27e-07,49.3
AAA59595.1,sp|P68026|HBE_CALJA,24.194,124,92,1,11,134,12,133,6.27e-07,49.3
AAA59595.1,sp|B3EWD3|HBA_PERCR,25.926,135,94,1,14,148,13,141,6.44e-07,49.3
AAA59595.1,sp|P18970|HBA_AILME,25.000,148,105,1,1,148,1,142,6.55e-07,49.3
AAA59595.1,sp|P41330|HBA2_ARCGA,24.324,148,106,1,1,148,1,142,6.75e-07,49.3
AAA59595.1,sp|C0HJT8|HBA_DISEL,24.638,138,99,1,11,148,3,135,6.95e-07,48.9
AAA59595.1,sp|P0C0U6|HBA_DRYME,25.170,147,102,3,3,148,2,141,7.00e-07,49.3
AAA59595.1,sp|P56250|HBA_LEIXA,22.963,135,100,1,14,148,13,143,7.08e-07,49.3
AAA59595.1,sp|Q45XH5|HBG_DUGDU,24.088,137,102,1,11,147,12,146,7.24e-07,49.3
AAA59595.1,sp|P09968|GLB3_PETMA,22.764,123,92,1,3,122,12,134,7.27e-07,49.3
AAA59595.1,sp|P45718|HBA1_TRENE,22.449,147,109,1,2,148,1,142,7.34e-07,49.3
AAA59595.1,sp|P56691|HBA_HEMAK,25.000,148,105,2,1,148,1,142,7.49e-07,49.3
AAA59595.1,sp|P02139|HBB_CYPCA,24.138,145,107,2,4,147,4,146,7.54e-07,49.3
AAA59595.1,sp|P83611|HBA1_GOBGI,23.188,138,101,1,11,148,10,142,7.64e-07,48.9
AAA59595.1,sp|P83133|HBB_ALDGI,24.460,139,103,1,9,147,9,145,7.74e-07,49.3
AAA59595.1,sp|P68022|HBE_PLEMO,24.194,124,92,1,11,134,12,133,7.78e-07,49.3
AAA59595.1,sp|P68025|HBE_CHISA,24.194,124,92,1,11,134,12,133,7.78e-07,49.3
AAA59595.1,sp|P68023|HBE_CHETO,24.194,124,92,1,11,134,12,133,7.78e-07,49.3
AAA59595.1,sp|P68024|HBE_CALGO,24.194,124,92,1,11,134,12,133,7.78e-07,49.3
AAA59595.1,sp|P68021|HBE_CACCA,24.194,124,92,1,11,134,12,133,7.78e-07,49.3
AAA59595.1,sp|P68020|HBE_BRAAR,24.194,124,92,1,11,134,12,133,7.78e-07,49.3
AAA59595.1,sp|P68019|HBE_ATEGE,24.194,124,92,1,11,134,12,133,7.78e-07,49.3
AAA59595.1,sp|P68016|HBE_AOTAZ,24.194,124,92,1,11,134,12,133,7.78e-07,49.3
AAA59595.1,sp|P68018|HBE_ALOSE,24.194,124,92,1,11,134,12,133,7.78e-07,49.3
AAA59595.1,sp|P68017|HBE_ALOBE,24.194,124,92,1,11,134,12,133,7.78e-07,49.3
AAA59595.1,sp|P04444|HBBZ_MOUSE,26.613,124,89,1,11,134,12,133,7.78e-07,49.3
AAA59595.1,sp|B3EWE3|HBA_MICPE,25.000,136,96,1,13,148,12,141,8.00e-07,48.9
AAA59595.1,sp|P09909|HBB_PHOVI,26.207,145,105,1,3,147,3,145,8.14e-07,48.9
AAA59595.1,sp|P51438|HBE_ATEBE,24.194,124,92,1,11,134,12,133,8.27e-07,48.9
AAA59595.1,sp|Q7LZC1|HBB3_MURHE,23.448,145,108,2,4,147,4,146,8.44e-07,48.9
AAA59595.1,sp|O13071|HBE_CALGE,24.194,124,92,1,11,134,12,133,8.47e-07,48.9
AAA59595.1,sp|P23601|HBA_MUSPU,23.973,146,105,1,3,148,2,141,8.69e-07,48.9
AAA59595.1,sp|P01966|HBA_BOVIN,28.188,149,99,3,1,148,1,142,8.83e-07,48.9
AAA59595.1,sp|P02085|HBB_LOXAF,25.170,147,108,1,1,147,1,145,8.84e-07,48.9
AAA59595.1,sp|P68046|HBB_ODORO,26.207,145,105,1,3,147,3,145,8.93e-07,48.9
AAA59595.1,sp|P68047|HBB_ARCGA,26.207,145,105,1,3,147,3,145,8.93e-07,48.9
AAA59595.1,sp|P01967|HBA1_BOSMU,28.148,135,89,3,15,148,14,141,8.96e-07,48.9
AAA59595.1,sp|Q28932|HBB_SMICR,25.373,134,98,1,14,147,15,146,9.26e-07,48.9
AAA59595.1,sp|P11755|HBA1_TADBR,25.373,134,94,1,15,148,14,141,9.34e-07,48.9
AAA59595.1,sp|P41332|HBB_HYDGR,26.389,144,104,1,4,147,4,145,9.41e-07,48.9
AAA59595.1,sp|P01944|HBA_ONDZI,25.000,136,96,1,13,148,12,141,9.43e-07,48.9
AAA59595.1,sp|Q9PVM2|HBBA_SERQU,24.138,145,107,2,4,147,5,147,9.50e-07,48.9
AAA59595.1,sp|P10893|HBB_LUTLU,26.207,145,105,1,3,147,3,145,9.50e-07,48.9
AAA59595.1,sp|P21200|HBA_VULVU,23.288,146,106,1,3,148,2,141,9.53e-07,48.9
AAA59595.1,sp|Q6H1U7|HBB_NOTEU,26.207,145,105,1,3,147,4,146,9.65e-07,48.9
